#,Name,Type 1,Type 2,Total,HP,Attack,Defense,Sp. Atk,Sp. Def,Speed,Generation,Legendary,UserAdded
1.0,Bulbasaur,Grass,Poison,318.0,45.0,49.0,49.0,65.0,65.0,45.0,1.0,False,False
2.0,Ivysaur,Grass,Poison,405.0,60.0,62.0,63.0,80.0,80.0,60.0,1.0,False,False
3.0,Venusaur,Grass,Poison,525.0,80.0,82.0,83.0,100.0,100.0,80.0,1.0,False,False
3.0,VenusaurMega Venusaur,Grass,Poison,625.0,80.0,100.0,123.0,122.0,120.0,80.0,1.0,False,False
4.0,Charmander,Fire,,309.0,39.0,52.0,43.0,60.0,50.0,65.0,1.0,False,False
5.0,Charmeleon,Fire,,405.0,58.0,64.0,58.0,80.0,65.0,80.0,1.0,False,False
6.0,Charizard,Fire,Flying,534.0,78.0,84.0,78.0,109.0,85.0,100.0,1.0,False,False
6.0,CharizardMega Charizard X,Fire,Dragon,634.0,78.0,130.0,111.0,130.0,85.0,100.0,1.0,False,False
6.0,CharizardMega Charizard Y,Fire,Flying,634.0,78.0,104.0,78.0,159.0,115.0,100.0,1.0,False,False
7.0,Squirtle,Water,,314.0,44.0,48.0,65.0,50.0,64.0,43.0,1.0,False,False
8.0,Wartortle,Water,,405.0,59.0,63.0,80.0,65.0,80.0,58.0,1.0,False,False
9.0,Blastoise,Water,,530.0,79.0,83.0,100.0,85.0,105.0,78.0,1.0,False,False
9.0,BlastoiseMega Blastoise,Water,,630.0,79.0,103.0,120.0,135.0,115.0,78.0,1.0,False,False
10.0,Caterpie,Bug,,195.0,45.0,30.0,35.0,20.0,20.0,45.0,1.0,False,False
11.0,Metapod,Bug,,205.0,50.0,20.0,55.0,25.0,25.0,30.0,1.0,False,False
12.0,Butterfree,Bug,Flying,395.0,60.0,45.0,50.0,90.0,80.0,70.0,1.0,False,False
13.0,Weedle,Bug,Poison,195.0,40.0,35.0,30.0,20.0,20.0,50.0,1.0,False,False
14.0,Kakuna,Bug,Poison,205.0,45.0,25.0,50.0,25.0,25.0,35.0,1.0,False,False
15.0,Beedrill,Bug,Poison,395.0,65.0,90.0,40.0,45.0,80.0,75.0,1.0,False,False
15.0,BeedrillMega Beedrill,Bug,Poison,495.0,65.0,150.0,40.0,15.0,80.0,145.0,1.0,False,False
16.0,Pidgey,Normal,Flying,251.0,40.0,45.0,40.0,35.0,35.0,56.0,1.0,False,False
17.0,Pidgeotto,Normal,Flying,349.0,63.0,60.0,55.0,50.0,50.0,71.0,1.0,False,False
18.0,Pidgeot,Normal,Flying,479.0,83.0,80.0,75.0,70.0,70.0,101.0,1.0,False,False
18.0,PidgeotMega Pidgeot,Normal,Flying,579.0,83.0,80.0,80.0,135.0,80.0,121.0,1.0,False,False
19.0,Rattata,Normal,,253.0,30.0,56.0,35.0,25.0,35.0,72.0,1.0,False,False
20.0,Raticate,Normal,,413.0,55.0,81.0,60.0,50.0,70.0,97.0,1.0,False,False
21.0,Spearow,Normal,Flying,262.0,40.0,60.0,30.0,31.0,31.0,70.0,1.0,False,False
22.0,Fearow,Normal,Flying,442.0,65.0,90.0,65.0,61.0,61.0,100.0,1.0,False,False
23.0,Ekans,Poison,,288.0,35.0,60.0,44.0,40.0,54.0,55.0,1.0,False,False
24.0,Arbok,Poison,,438.0,60.0,85.0,69.0,65.0,79.0,80.0,1.0,False,False
25.0,Pikachu,Electric,,320.0,35.0,55.0,40.0,50.0,50.0,90.0,1.0,False,False
26.0,Raichu,Electric,,485.0,60.0,90.0,55.0,90.0,80.0,110.0,1.0,False,False
27.0,Sandshrew,Ground,,300.0,50.0,75.0,85.0,20.0,30.0,40.0,1.0,False,False
28.0,Sandslash,Ground,,450.0,75.0,100.0,110.0,45.0,55.0,65.0,1.0,False,False
29.0,Nidoran♀,Poison,,275.0,55.0,47.0,52.0,40.0,40.0,41.0,1.0,False,False
30.0,Nidorina,Poison,,365.0,70.0,62.0,67.0,55.0,55.0,56.0,1.0,False,False
31.0,Nidoqueen,Poison,Ground,505.0,90.0,92.0,87.0,75.0,85.0,76.0,1.0,False,False
32.0,Nidoran♂,Poison,,273.0,46.0,57.0,40.0,40.0,40.0,50.0,1.0,False,False
33.0,Nidorino,Poison,,365.0,61.0,72.0,57.0,55.0,55.0,65.0,1.0,False,False
34.0,Nidoking,Poison,Ground,505.0,81.0,102.0,77.0,85.0,75.0,85.0,1.0,False,False
35.0,Clefairy,Fairy,,323.0,70.0,45.0,48.0,60.0,65.0,35.0,1.0,False,False
36.0,Clefable,Fairy,,483.0,95.0,70.0,73.0,95.0,90.0,60.0,1.0,False,False
37.0,Vulpix,Fire,,299.0,38.0,41.0,40.0,50.0,65.0,65.0,1.0,False,False
38.0,Ninetales,Fire,,505.0,73.0,76.0,75.0,81.0,100.0,100.0,1.0,False,False
39.0,Jigglypuff,Normal,Fairy,270.0,115.0,45.0,20.0,45.0,25.0,20.0,1.0,False,False
40.0,Wigglytuff,Normal,Fairy,435.0,140.0,70.0,45.0,85.0,50.0,45.0,1.0,False,False
41.0,Zubat,Poison,Flying,245.0,40.0,45.0,35.0,30.0,40.0,55.0,1.0,False,False
42.0,Golbat,Poison,Flying,455.0,75.0,80.0,70.0,65.0,75.0,90.0,1.0,False,False
43.0,Oddish,Grass,Poison,320.0,45.0,50.0,55.0,75.0,65.0,30.0,1.0,False,False
44.0,Gloom,Grass,Poison,395.0,60.0,65.0,70.0,85.0,75.0,40.0,1.0,False,False
45.0,Vileplume,Grass,Poison,490.0,75.0,80.0,85.0,110.0,90.0,50.0,1.0,False,False
46.0,Paras,Bug,Grass,285.0,35.0,70.0,55.0,45.0,55.0,25.0,1.0,False,False
47.0,Parasect,Bug,Grass,405.0,60.0,95.0,80.0,60.0,80.0,30.0,1.0,False,False
48.0,Venonat,Bug,Poison,305.0,60.0,55.0,50.0,40.0,55.0,45.0,1.0,False,False
49.0,Venomoth,Bug,Poison,450.0,70.0,65.0,60.0,90.0,75.0,90.0,1.0,False,False
50.0,Diglett,Ground,,265.0,10.0,55.0,25.0,35.0,45.0,95.0,1.0,False,False
51.0,Dugtrio,Ground,,405.0,35.0,80.0,50.0,50.0,70.0,120.0,1.0,False,False
52.0,Meowth,Normal,,290.0,40.0,45.0,35.0,40.0,40.0,90.0,1.0,False,False
53.0,Persian,Normal,,440.0,65.0,70.0,60.0,65.0,65.0,115.0,1.0,False,False
54.0,Psyduck,Water,,320.0,50.0,52.0,48.0,65.0,50.0,55.0,1.0,False,False
55.0,Golduck,Water,,500.0,80.0,82.0,78.0,95.0,80.0,85.0,1.0,False,False
56.0,Mankey,Fighting,,305.0,40.0,80.0,35.0,35.0,45.0,70.0,1.0,False,False
57.0,Primeape,Fighting,,455.0,65.0,105.0,60.0,60.0,70.0,95.0,1.0,False,False
58.0,Growlithe,Fire,,350.0,55.0,70.0,45.0,70.0,50.0,60.0,1.0,False,False
59.0,Arcanine,Fire,,555.0,90.0,110.0,80.0,100.0,80.0,95.0,1.0,False,False
60.0,Poliwag,Water,,300.0,40.0,50.0,40.0,40.0,40.0,90.0,1.0,False,False
61.0,Poliwhirl,Water,,385.0,65.0,65.0,65.0,50.0,50.0,90.0,1.0,False,False
62.0,Poliwrath,Water,Fighting,510.0,90.0,95.0,95.0,70.0,90.0,70.0,1.0,False,False
63.0,Abra,Psychic,,310.0,25.0,20.0,15.0,105.0,55.0,90.0,1.0,False,False
64.0,Kadabra,Psychic,,400.0,40.0,35.0,30.0,120.0,70.0,105.0,1.0,False,False
65.0,Alakazam,Psychic,,500.0,55.0,50.0,45.0,135.0,95.0,120.0,1.0,False,False
65.0,AlakazamMega Alakazam,Psychic,,590.0,55.0,50.0,65.0,175.0,95.0,150.0,1.0,False,False
66.0,Machop,Fighting,,305.0,70.0,80.0,50.0,35.0,35.0,35.0,1.0,False,False
67.0,Machoke,Fighting,,405.0,80.0,100.0,70.0,50.0,60.0,45.0,1.0,False,False
68.0,Machamp,Fighting,,505.0,90.0,130.0,80.0,65.0,85.0,55.0,1.0,False,False
69.0,Bellsprout,Grass,Poison,300.0,50.0,75.0,35.0,70.0,30.0,40.0,1.0,False,False
70.0,Weepinbell,Grass,Poison,390.0,65.0,90.0,50.0,85.0,45.0,55.0,1.0,False,False
71.0,Victreebel,Grass,Poison,490.0,80.0,105.0,65.0,100.0,70.0,70.0,1.0,False,False
72.0,Tentacool,Water,Poison,335.0,40.0,40.0,35.0,50.0,100.0,70.0,1.0,False,False
73.0,Tentacruel,Water,Poison,515.0,80.0,70.0,65.0,80.0,120.0,100.0,1.0,False,False
74.0,Geodude,Rock,Ground,300.0,40.0,80.0,100.0,30.0,30.0,20.0,1.0,False,False
75.0,Graveler,Rock,Ground,390.0,55.0,95.0,115.0,45.0,45.0,35.0,1.0,False,False
76.0,Golem,Rock,Ground,495.0,80.0,120.0,130.0,55.0,65.0,45.0,1.0,False,False
77.0,Ponyta,Fire,,410.0,50.0,85.0,55.0,65.0,65.0,90.0,1.0,False,False
78.0,Rapidash,Fire,,500.0,65.0,100.0,70.0,80.0,80.0,105.0,1.0,False,False
79.0,Slowpoke,Water,Psychic,315.0,90.0,65.0,65.0,40.0,40.0,15.0,1.0,False,False
80.0,Slowbro,Water,Psychic,490.0,95.0,75.0,110.0,100.0,80.0,30.0,1.0,False,False
80.0,SlowbroMega Slowbro,Water,Psychic,590.0,95.0,75.0,180.0,130.0,80.0,30.0,1.0,False,False
81.0,Magnemite,Electric,Steel,325.0,25.0,35.0,70.0,95.0,55.0,45.0,1.0,False,False
82.0,Magneton,Electric,Steel,465.0,50.0,60.0,95.0,120.0,70.0,70.0,1.0,False,False
83.0,Farfetch'd,Normal,Flying,352.0,52.0,65.0,55.0,58.0,62.0,60.0,1.0,False,False
84.0,Doduo,Normal,Flying,310.0,35.0,85.0,45.0,35.0,35.0,75.0,1.0,False,False
85.0,Dodrio,Normal,Flying,460.0,60.0,110.0,70.0,60.0,60.0,100.0,1.0,False,False
86.0,Seel,Water,,325.0,65.0,45.0,55.0,45.0,70.0,45.0,1.0,False,False
87.0,Dewgong,Water,Ice,475.0,90.0,70.0,80.0,70.0,95.0,70.0,1.0,False,False
88.0,Grimer,Poison,,325.0,80.0,80.0,50.0,40.0,50.0,25.0,1.0,False,False
89.0,Muk,Poison,,500.0,105.0,105.0,75.0,65.0,100.0,50.0,1.0,False,False
90.0,Shellder,Water,,305.0,30.0,65.0,100.0,45.0,25.0,40.0,1.0,False,False
91.0,Cloyster,Water,Ice,525.0,50.0,95.0,180.0,85.0,45.0,70.0,1.0,False,False
92.0,Gastly,Ghost,Poison,310.0,30.0,35.0,30.0,100.0,35.0,80.0,1.0,False,False
93.0,Haunter,Ghost,Poison,405.0,45.0,50.0,45.0,115.0,55.0,95.0,1.0,False,False
94.0,Gengar,Ghost,Poison,500.0,60.0,65.0,60.0,130.0,75.0,110.0,1.0,False,False
94.0,GengarMega Gengar,Ghost,Poison,600.0,60.0,65.0,80.0,170.0,95.0,130.0,1.0,False,False
95.0,Onix,Rock,Ground,385.0,35.0,45.0,160.0,30.0,45.0,70.0,1.0,False,False
96.0,Drowzee,Psychic,,328.0,60.0,48.0,45.0,43.0,90.0,42.0,1.0,False,False
97.0,Hypno,Psychic,,483.0,85.0,73.0,70.0,73.0,115.0,67.0,1.0,False,False
98.0,Krabby,Water,,325.0,30.0,105.0,90.0,25.0,25.0,50.0,1.0,False,False
99.0,Kingler,Water,,475.0,55.0,130.0,115.0,50.0,50.0,75.0,1.0,False,False
100.0,Voltorb,Electric,,330.0,40.0,30.0,50.0,55.0,55.0,100.0,1.0,False,False
101.0,Electrode,Electric,,480.0,60.0,50.0,70.0,80.0,80.0,140.0,1.0,False,False
102.0,Exeggcute,Grass,Psychic,325.0,60.0,40.0,80.0,60.0,45.0,40.0,1.0,False,False
103.0,Exeggutor,Grass,Psychic,520.0,95.0,95.0,85.0,125.0,65.0,55.0,1.0,False,False
104.0,Cubone,Ground,,320.0,50.0,50.0,95.0,40.0,50.0,35.0,1.0,False,False
105.0,Marowak,Ground,,425.0,60.0,80.0,110.0,50.0,80.0,45.0,1.0,False,False
106.0,Hitmonlee,Fighting,,455.0,50.0,120.0,53.0,35.0,110.0,87.0,1.0,False,False
107.0,Hitmonchan,Fighting,,455.0,50.0,105.0,79.0,35.0,110.0,76.0,1.0,False,False
108.0,Lickitung,Normal,,385.0,90.0,55.0,75.0,60.0,75.0,30.0,1.0,False,False
109.0,Koffing,Poison,,340.0,40.0,65.0,95.0,60.0,45.0,35.0,1.0,False,False
110.0,Weezing,Poison,,490.0,65.0,90.0,120.0,85.0,70.0,60.0,1.0,False,False
111.0,Rhyhorn,Ground,Rock,345.0,80.0,85.0,95.0,30.0,30.0,25.0,1.0,False,False
112.0,Rhydon,Ground,Rock,485.0,105.0,130.0,120.0,45.0,45.0,40.0,1.0,False,False
113.0,Chansey,Normal,,450.0,250.0,5.0,5.0,35.0,105.0,50.0,1.0,False,False
114.0,Tangela,Grass,,435.0,65.0,55.0,115.0,100.0,40.0,60.0,1.0,False,False
115.0,Kangaskhan,Normal,,490.0,105.0,95.0,80.0,40.0,80.0,90.0,1.0,False,False
115.0,KangaskhanMega Kangaskhan,Normal,,590.0,105.0,125.0,100.0,60.0,100.0,100.0,1.0,False,False
116.0,Horsea,Water,,295.0,30.0,40.0,70.0,70.0,25.0,60.0,1.0,False,False
117.0,Seadra,Water,,440.0,55.0,65.0,95.0,95.0,45.0,85.0,1.0,False,False
118.0,Goldeen,Water,,320.0,45.0,67.0,60.0,35.0,50.0,63.0,1.0,False,False
119.0,Seaking,Water,,450.0,80.0,92.0,65.0,65.0,80.0,68.0,1.0,False,False
120.0,Staryu,Water,,340.0,30.0,45.0,55.0,70.0,55.0,85.0,1.0,False,False
121.0,Starmie,Water,Psychic,520.0,60.0,75.0,85.0,100.0,85.0,115.0,1.0,False,False
122.0,Mr. Mime,Psychic,Fairy,460.0,40.0,45.0,65.0,100.0,120.0,90.0,1.0,False,False
123.0,Scyther,Bug,Flying,500.0,70.0,110.0,80.0,55.0,80.0,105.0,1.0,False,False
124.0,Jynx,Ice,Psychic,455.0,65.0,50.0,35.0,115.0,95.0,95.0,1.0,False,False
125.0,Electabuzz,Electric,,490.0,65.0,83.0,57.0,95.0,85.0,105.0,1.0,False,False
126.0,Magmar,Fire,,495.0,65.0,95.0,57.0,100.0,85.0,93.0,1.0,False,False
127.0,Pinsir,Bug,,500.0,65.0,125.0,100.0,55.0,70.0,85.0,1.0,False,False
127.0,PinsirMega Pinsir,Bug,Flying,600.0,65.0,155.0,120.0,65.0,90.0,105.0,1.0,False,False
128.0,Tauros,Normal,,490.0,75.0,100.0,95.0,40.0,70.0,110.0,1.0,False,False
129.0,Magikarp,Water,,200.0,20.0,10.0,55.0,15.0,20.0,80.0,1.0,False,False
130.0,Gyarados,Water,Flying,540.0,95.0,125.0,79.0,60.0,100.0,81.0,1.0,False,False
130.0,GyaradosMega Gyarados,Water,Dark,640.0,95.0,155.0,109.0,70.0,130.0,81.0,1.0,False,False
131.0,Lapras,Water,Ice,535.0,130.0,85.0,80.0,85.0,95.0,60.0,1.0,False,False
132.0,Ditto,Normal,,288.0,48.0,48.0,48.0,48.0,48.0,48.0,1.0,False,False
133.0,Eevee,Normal,,325.0,55.0,55.0,50.0,45.0,65.0,55.0,1.0,False,False
134.0,Vaporeon,Water,,525.0,130.0,65.0,60.0,110.0,95.0,65.0,1.0,False,False
135.0,Jolteon,Electric,,525.0,65.0,65.0,60.0,110.0,95.0,130.0,1.0,False,False
136.0,Flareon,Fire,,525.0,65.0,130.0,60.0,95.0,110.0,65.0,1.0,False,False
137.0,Porygon,Normal,,395.0,65.0,60.0,70.0,85.0,75.0,40.0,1.0,False,False
138.0,Omanyte,Rock,Water,355.0,35.0,40.0,100.0,90.0,55.0,35.0,1.0,False,False
139.0,Omastar,Rock,Water,495.0,70.0,60.0,125.0,115.0,70.0,55.0,1.0,False,False
140.0,Kabuto,Rock,Water,355.0,30.0,80.0,90.0,55.0,45.0,55.0,1.0,False,False
141.0,Kabutops,Rock,Water,495.0,60.0,115.0,105.0,65.0,70.0,80.0,1.0,False,False
142.0,Aerodactyl,Rock,Flying,515.0,80.0,105.0,65.0,60.0,75.0,130.0,1.0,False,False
142.0,AerodactylMega Aerodactyl,Rock,Flying,615.0,80.0,135.0,85.0,70.0,95.0,150.0,1.0,False,False
143.0,Snorlax,Normal,,540.0,160.0,110.0,65.0,65.0,110.0,30.0,1.0,False,False
144.0,Articuno,Ice,Flying,580.0,90.0,85.0,100.0,95.0,125.0,85.0,1.0,True,False
145.0,Zapdos,Electric,Flying,580.0,90.0,90.0,85.0,125.0,90.0,100.0,1.0,True,False
146.0,Moltres,Fire,Flying,580.0,90.0,100.0,90.0,125.0,85.0,90.0,1.0,True,False
147.0,Dratini,Dragon,,300.0,41.0,64.0,45.0,50.0,50.0,50.0,1.0,False,False
148.0,Dragonair,Dragon,,420.0,61.0,84.0,65.0,70.0,70.0,70.0,1.0,False,False
149.0,Dragonite,Dragon,Flying,600.0,91.0,134.0,95.0,100.0,100.0,80.0,1.0,False,False
150.0,Mewtwo,Psychic,,680.0,106.0,110.0,90.0,154.0,90.0,130.0,1.0,True,False
150.0,MewtwoMega Mewtwo X,Psychic,Fighting,780.0,106.0,190.0,100.0,154.0,100.0,130.0,1.0,True,False
150.0,MewtwoMega Mewtwo Y,Psychic,,780.0,106.0,150.0,70.0,194.0,120.0,140.0,1.0,True,False
151.0,Mew,Psychic,,600.0,100.0,100.0,100.0,100.0,100.0,100.0,1.0,False,False
152.0,Chikorita,Grass,,318.0,45.0,49.0,65.0,49.0,65.0,45.0,2.0,False,False
153.0,Bayleef,Grass,,405.0,60.0,62.0,80.0,63.0,80.0,60.0,2.0,False,False
154.0,Meganium,Grass,,525.0,80.0,82.0,100.0,83.0,100.0,80.0,2.0,False,False
155.0,Cyndaquil,Fire,,309.0,39.0,52.0,43.0,60.0,50.0,65.0,2.0,False,False
156.0,Quilava,Fire,,405.0,58.0,64.0,58.0,80.0,65.0,80.0,2.0,False,False
157.0,Typhlosion,Fire,,534.0,78.0,84.0,78.0,109.0,85.0,100.0,2.0,False,False
158.0,Totodile,Water,,314.0,50.0,65.0,64.0,44.0,48.0,43.0,2.0,False,False
159.0,Croconaw,Water,,405.0,65.0,80.0,80.0,59.0,63.0,58.0,2.0,False,False
160.0,Feraligatr,Water,,530.0,85.0,105.0,100.0,79.0,83.0,78.0,2.0,False,False
161.0,Sentret,Normal,,215.0,35.0,46.0,34.0,35.0,45.0,20.0,2.0,False,False
162.0,Furret,Normal,,415.0,85.0,76.0,64.0,45.0,55.0,90.0,2.0,False,False
163.0,Hoothoot,Normal,Flying,262.0,60.0,30.0,30.0,36.0,56.0,50.0,2.0,False,False
164.0,Noctowl,Normal,Flying,442.0,100.0,50.0,50.0,76.0,96.0,70.0,2.0,False,False
165.0,Ledyba,Bug,Flying,265.0,40.0,20.0,30.0,40.0,80.0,55.0,2.0,False,False
166.0,Ledian,Bug,Flying,390.0,55.0,35.0,50.0,55.0,110.0,85.0,2.0,False,False
167.0,Spinarak,Bug,Poison,250.0,40.0,60.0,40.0,40.0,40.0,30.0,2.0,False,False
168.0,Ariados,Bug,Poison,390.0,70.0,90.0,70.0,60.0,60.0,40.0,2.0,False,False
169.0,Crobat,Poison,Flying,535.0,85.0,90.0,80.0,70.0,80.0,130.0,2.0,False,False
170.0,Chinchou,Water,Electric,330.0,75.0,38.0,38.0,56.0,56.0,67.0,2.0,False,False
171.0,Lanturn,Water,Electric,460.0,125.0,58.0,58.0,76.0,76.0,67.0,2.0,False,False
172.0,Pichu,Electric,,205.0,20.0,40.0,15.0,35.0,35.0,60.0,2.0,False,False
173.0,Cleffa,Fairy,,218.0,50.0,25.0,28.0,45.0,55.0,15.0,2.0,False,False
174.0,Igglybuff,Normal,Fairy,210.0,90.0,30.0,15.0,40.0,20.0,15.0,2.0,False,False
175.0,Togepi,Fairy,,245.0,35.0,20.0,65.0,40.0,65.0,20.0,2.0,False,False
176.0,Togetic,Fairy,Flying,405.0,55.0,40.0,85.0,80.0,105.0,40.0,2.0,False,False
177.0,Natu,Psychic,Flying,320.0,40.0,50.0,45.0,70.0,45.0,70.0,2.0,False,False
178.0,Xatu,Psychic,Flying,470.0,65.0,75.0,70.0,95.0,70.0,95.0,2.0,False,False
179.0,Mareep,Electric,,280.0,55.0,40.0,40.0,65.0,45.0,35.0,2.0,False,False
180.0,Flaaffy,Electric,,365.0,70.0,55.0,55.0,80.0,60.0,45.0,2.0,False,False
181.0,Ampharos,Electric,,510.0,90.0,75.0,85.0,115.0,90.0,55.0,2.0,False,False
181.0,AmpharosMega Ampharos,Electric,Dragon,610.0,90.0,95.0,105.0,165.0,110.0,45.0,2.0,False,False
182.0,Bellossom,Grass,,490.0,75.0,80.0,95.0,90.0,100.0,50.0,2.0,False,False
183.0,Marill,Water,Fairy,250.0,70.0,20.0,50.0,20.0,50.0,40.0,2.0,False,False
184.0,Azumarill,Water,Fairy,420.0,100.0,50.0,80.0,60.0,80.0,50.0,2.0,False,False
185.0,Sudowoodo,Rock,,410.0,70.0,100.0,115.0,30.0,65.0,30.0,2.0,False,False
186.0,Politoed,Water,,500.0,90.0,75.0,75.0,90.0,100.0,70.0,2.0,False,False
187.0,Hoppip,Grass,Flying,250.0,35.0,35.0,40.0,35.0,55.0,50.0,2.0,False,False
188.0,Skiploom,Grass,Flying,340.0,55.0,45.0,50.0,45.0,65.0,80.0,2.0,False,False
189.0,Jumpluff,Grass,Flying,460.0,75.0,55.0,70.0,55.0,95.0,110.0,2.0,False,False
190.0,Aipom,Normal,,360.0,55.0,70.0,55.0,40.0,55.0,85.0,2.0,False,False
191.0,Sunkern,Grass,,180.0,30.0,30.0,30.0,30.0,30.0,30.0,2.0,False,False
192.0,Sunflora,Grass,,425.0,75.0,75.0,55.0,105.0,85.0,30.0,2.0,False,False
193.0,Yanma,Bug,Flying,390.0,65.0,65.0,45.0,75.0,45.0,95.0,2.0,False,False
194.0,Wooper,Water,Ground,210.0,55.0,45.0,45.0,25.0,25.0,15.0,2.0,False,False
195.0,Quagsire,Water,Ground,430.0,95.0,85.0,85.0,65.0,65.0,35.0,2.0,False,False
196.0,Espeon,Psychic,,525.0,65.0,65.0,60.0,130.0,95.0,110.0,2.0,False,False
197.0,Umbreon,Dark,,525.0,95.0,65.0,110.0,60.0,130.0,65.0,2.0,False,False
198.0,Murkrow,Dark,Flying,405.0,60.0,85.0,42.0,85.0,42.0,91.0,2.0,False,False
199.0,Slowking,Water,Psychic,490.0,95.0,75.0,80.0,100.0,110.0,30.0,2.0,False,False
200.0,Misdreavus,Ghost,,435.0,60.0,60.0,60.0,85.0,85.0,85.0,2.0,False,False
201.0,Unown,Psychic,,336.0,48.0,72.0,48.0,72.0,48.0,48.0,2.0,False,False
202.0,Wobbuffet,Psychic,,405.0,190.0,33.0,58.0,33.0,58.0,33.0,2.0,False,False
203.0,Girafarig,Normal,Psychic,455.0,70.0,80.0,65.0,90.0,65.0,85.0,2.0,False,False
204.0,Pineco,Bug,,290.0,50.0,65.0,90.0,35.0,35.0,15.0,2.0,False,False
205.0,Forretress,Bug,Steel,465.0,75.0,90.0,140.0,60.0,60.0,40.0,2.0,False,False
206.0,Dunsparce,Normal,,415.0,100.0,70.0,70.0,65.0,65.0,45.0,2.0,False,False
207.0,Gligar,Ground,Flying,430.0,65.0,75.0,105.0,35.0,65.0,85.0,2.0,False,False
208.0,Steelix,Steel,Ground,510.0,75.0,85.0,200.0,55.0,65.0,30.0,2.0,False,False
208.0,SteelixMega Steelix,Steel,Ground,610.0,75.0,125.0,230.0,55.0,95.0,30.0,2.0,False,False
209.0,Snubbull,Fairy,,300.0,60.0,80.0,50.0,40.0,40.0,30.0,2.0,False,False
210.0,Granbull,Fairy,,450.0,90.0,120.0,75.0,60.0,60.0,45.0,2.0,False,False
211.0,Qwilfish,Water,Poison,430.0,65.0,95.0,75.0,55.0,55.0,85.0,2.0,False,False
212.0,Scizor,Bug,Steel,500.0,70.0,130.0,100.0,55.0,80.0,65.0,2.0,False,False
212.0,ScizorMega Scizor,Bug,Steel,600.0,70.0,150.0,140.0,65.0,100.0,75.0,2.0,False,False
213.0,Shuckle,Bug,Rock,505.0,20.0,10.0,230.0,10.0,230.0,5.0,2.0,False,False
214.0,Heracross,Bug,Fighting,500.0,80.0,125.0,75.0,40.0,95.0,85.0,2.0,False,False
214.0,HeracrossMega Heracross,Bug,Fighting,600.0,80.0,185.0,115.0,40.0,105.0,75.0,2.0,False,False
215.0,Sneasel,Dark,Ice,430.0,55.0,95.0,55.0,35.0,75.0,115.0,2.0,False,False
216.0,Teddiursa,Normal,,330.0,60.0,80.0,50.0,50.0,50.0,40.0,2.0,False,False
217.0,Ursaring,Normal,,500.0,90.0,130.0,75.0,75.0,75.0,55.0,2.0,False,False
218.0,Slugma,Fire,,250.0,40.0,40.0,40.0,70.0,40.0,20.0,2.0,False,False
219.0,Magcargo,Fire,Rock,410.0,50.0,50.0,120.0,80.0,80.0,30.0,2.0,False,False
220.0,Swinub,Ice,Ground,250.0,50.0,50.0,40.0,30.0,30.0,50.0,2.0,False,False
221.0,Piloswine,Ice,Ground,450.0,100.0,100.0,80.0,60.0,60.0,50.0,2.0,False,False
222.0,Corsola,Water,Rock,380.0,55.0,55.0,85.0,65.0,85.0,35.0,2.0,False,False
223.0,Remoraid,Water,,300.0,35.0,65.0,35.0,65.0,35.0,65.0,2.0,False,False
224.0,Octillery,Water,,480.0,75.0,105.0,75.0,105.0,75.0,45.0,2.0,False,False
225.0,Delibird,Ice,Flying,330.0,45.0,55.0,45.0,65.0,45.0,75.0,2.0,False,False
226.0,Mantine,Water,Flying,465.0,65.0,40.0,70.0,80.0,140.0,70.0,2.0,False,False
227.0,Skarmory,Steel,Flying,465.0,65.0,80.0,140.0,40.0,70.0,70.0,2.0,False,False
228.0,Houndour,Dark,Fire,330.0,45.0,60.0,30.0,80.0,50.0,65.0,2.0,False,False
229.0,Houndoom,Dark,Fire,500.0,75.0,90.0,50.0,110.0,80.0,95.0,2.0,False,False
229.0,HoundoomMega Houndoom,Dark,Fire,600.0,75.0,90.0,90.0,140.0,90.0,115.0,2.0,False,False
230.0,Kingdra,Water,Dragon,540.0,75.0,95.0,95.0,95.0,95.0,85.0,2.0,False,False
231.0,Phanpy,Ground,,330.0,90.0,60.0,60.0,40.0,40.0,40.0,2.0,False,False
232.0,Donphan,Ground,,500.0,90.0,120.0,120.0,60.0,60.0,50.0,2.0,False,False
233.0,Porygon2,Normal,,515.0,85.0,80.0,90.0,105.0,95.0,60.0,2.0,False,False
234.0,Stantler,Normal,,465.0,73.0,95.0,62.0,85.0,65.0,85.0,2.0,False,False
235.0,Smeargle,Normal,,250.0,55.0,20.0,35.0,20.0,45.0,75.0,2.0,False,False
236.0,Tyrogue,Fighting,,210.0,35.0,35.0,35.0,35.0,35.0,35.0,2.0,False,False
237.0,Hitmontop,Fighting,,455.0,50.0,95.0,95.0,35.0,110.0,70.0,2.0,False,False
238.0,Smoochum,Ice,Psychic,305.0,45.0,30.0,15.0,85.0,65.0,65.0,2.0,False,False
239.0,Elekid,Electric,,360.0,45.0,63.0,37.0,65.0,55.0,95.0,2.0,False,False
240.0,Magby,Fire,,365.0,45.0,75.0,37.0,70.0,55.0,83.0,2.0,False,False
241.0,Miltank,Normal,,490.0,95.0,80.0,105.0,40.0,70.0,100.0,2.0,False,False
242.0,Blissey,Normal,,540.0,255.0,10.0,10.0,75.0,135.0,55.0,2.0,False,False
243.0,Raikou,Electric,,580.0,90.0,85.0,75.0,115.0,100.0,115.0,2.0,True,False
244.0,Entei,Fire,,580.0,115.0,115.0,85.0,90.0,75.0,100.0,2.0,True,False
245.0,Suicune,Water,,580.0,100.0,75.0,115.0,90.0,115.0,85.0,2.0,True,False
246.0,Larvitar,Rock,Ground,300.0,50.0,64.0,50.0,45.0,50.0,41.0,2.0,False,False
247.0,Pupitar,Rock,Ground,410.0,70.0,84.0,70.0,65.0,70.0,51.0,2.0,False,False
248.0,Tyranitar,Rock,Dark,600.0,100.0,134.0,110.0,95.0,100.0,61.0,2.0,False,False
248.0,TyranitarMega Tyranitar,Rock,Dark,700.0,100.0,164.0,150.0,95.0,120.0,71.0,2.0,False,False
249.0,Lugia,Psychic,Flying,680.0,106.0,90.0,130.0,90.0,154.0,110.0,2.0,True,False
250.0,Ho-oh,Fire,Flying,680.0,106.0,130.0,90.0,110.0,154.0,90.0,2.0,True,False
251.0,Celebi,Psychic,Grass,600.0,100.0,100.0,100.0,100.0,100.0,100.0,2.0,False,False
252.0,Treecko,Grass,,310.0,40.0,45.0,35.0,65.0,55.0,70.0,3.0,False,False
253.0,Grovyle,Grass,,405.0,50.0,65.0,45.0,85.0,65.0,95.0,3.0,False,False
254.0,Sceptile,Grass,,530.0,70.0,85.0,65.0,105.0,85.0,120.0,3.0,False,False
254.0,SceptileMega Sceptile,Grass,Dragon,630.0,70.0,110.0,75.0,145.0,85.0,145.0,3.0,False,False
255.0,Torchic,Fire,,310.0,45.0,60.0,40.0,70.0,50.0,45.0,3.0,False,False
256.0,Combusken,Fire,Fighting,405.0,60.0,85.0,60.0,85.0,60.0,55.0,3.0,False,False
257.0,Blaziken,Fire,Fighting,530.0,80.0,120.0,70.0,110.0,70.0,80.0,3.0,False,False
257.0,BlazikenMega Blaziken,Fire,Fighting,630.0,80.0,160.0,80.0,130.0,80.0,100.0,3.0,False,False
258.0,Mudkip,Water,,310.0,50.0,70.0,50.0,50.0,50.0,40.0,3.0,False,False
259.0,Marshtomp,Water,Ground,405.0,70.0,85.0,70.0,60.0,70.0,50.0,3.0,False,False
260.0,Swampert,Water,Ground,535.0,100.0,110.0,90.0,85.0,90.0,60.0,3.0,False,False
260.0,SwampertMega Swampert,Water,Ground,635.0,100.0,150.0,110.0,95.0,110.0,70.0,3.0,False,False
261.0,Poochyena,Dark,,220.0,35.0,55.0,35.0,30.0,30.0,35.0,3.0,False,False
262.0,Mightyena,Dark,,420.0,70.0,90.0,70.0,60.0,60.0,70.0,3.0,False,False
263.0,Zigzagoon,Normal,,240.0,38.0,30.0,41.0,30.0,41.0,60.0,3.0,False,False
264.0,Linoone,Normal,,420.0,78.0,70.0,61.0,50.0,61.0,100.0,3.0,False,False
265.0,Wurmple,Bug,,195.0,45.0,45.0,35.0,20.0,30.0,20.0,3.0,False,False
266.0,Silcoon,Bug,,205.0,50.0,35.0,55.0,25.0,25.0,15.0,3.0,False,False
267.0,Beautifly,Bug,Flying,395.0,60.0,70.0,50.0,100.0,50.0,65.0,3.0,False,False
268.0,Cascoon,Bug,,205.0,50.0,35.0,55.0,25.0,25.0,15.0,3.0,False,False
269.0,Dustox,Bug,Poison,385.0,60.0,50.0,70.0,50.0,90.0,65.0,3.0,False,False
270.0,Lotad,Water,Grass,220.0,40.0,30.0,30.0,40.0,50.0,30.0,3.0,False,False
271.0,Lombre,Water,Grass,340.0,60.0,50.0,50.0,60.0,70.0,50.0,3.0,False,False
272.0,Ludicolo,Water,Grass,480.0,80.0,70.0,70.0,90.0,100.0,70.0,3.0,False,False
273.0,Seedot,Grass,,220.0,40.0,40.0,50.0,30.0,30.0,30.0,3.0,False,False
274.0,Nuzleaf,Grass,Dark,340.0,70.0,70.0,40.0,60.0,40.0,60.0,3.0,False,False
275.0,Shiftry,Grass,Dark,480.0,90.0,100.0,60.0,90.0,60.0,80.0,3.0,False,False
276.0,Taillow,Normal,Flying,270.0,40.0,55.0,30.0,30.0,30.0,85.0,3.0,False,False
277.0,Swellow,Normal,Flying,430.0,60.0,85.0,60.0,50.0,50.0,125.0,3.0,False,False
278.0,Wingull,Water,Flying,270.0,40.0,30.0,30.0,55.0,30.0,85.0,3.0,False,False
279.0,Pelipper,Water,Flying,430.0,60.0,50.0,100.0,85.0,70.0,65.0,3.0,False,False
280.0,Ralts,Psychic,Fairy,198.0,28.0,25.0,25.0,45.0,35.0,40.0,3.0,False,False
281.0,Kirlia,Psychic,Fairy,278.0,38.0,35.0,35.0,65.0,55.0,50.0,3.0,False,False
282.0,Gardevoir,Psychic,Fairy,518.0,68.0,65.0,65.0,125.0,115.0,80.0,3.0,False,False
282.0,GardevoirMega Gardevoir,Psychic,Fairy,618.0,68.0,85.0,65.0,165.0,135.0,100.0,3.0,False,False
283.0,Surskit,Bug,Water,269.0,40.0,30.0,32.0,50.0,52.0,65.0,3.0,False,False
284.0,Masquerain,Bug,Flying,414.0,70.0,60.0,62.0,80.0,82.0,60.0,3.0,False,False
285.0,Shroomish,Grass,,295.0,60.0,40.0,60.0,40.0,60.0,35.0,3.0,False,False
286.0,Breloom,Grass,Fighting,460.0,60.0,130.0,80.0,60.0,60.0,70.0,3.0,False,False
287.0,Slakoth,Normal,,280.0,60.0,60.0,60.0,35.0,35.0,30.0,3.0,False,False
288.0,Vigoroth,Normal,,440.0,80.0,80.0,80.0,55.0,55.0,90.0,3.0,False,False
289.0,Slaking,Normal,,670.0,150.0,160.0,100.0,95.0,65.0,100.0,3.0,False,False
290.0,Nincada,Bug,Ground,266.0,31.0,45.0,90.0,30.0,30.0,40.0,3.0,False,False
291.0,Ninjask,Bug,Flying,456.0,61.0,90.0,45.0,50.0,50.0,160.0,3.0,False,False
292.0,Shedinja,Bug,Ghost,236.0,1.0,90.0,45.0,30.0,30.0,40.0,3.0,False,False
293.0,Whismur,Normal,,240.0,64.0,51.0,23.0,51.0,23.0,28.0,3.0,False,False
294.0,Loudred,Normal,,360.0,84.0,71.0,43.0,71.0,43.0,48.0,3.0,False,False
295.0,Exploud,Normal,,490.0,104.0,91.0,63.0,91.0,73.0,68.0,3.0,False,False
296.0,Makuhita,Fighting,,237.0,72.0,60.0,30.0,20.0,30.0,25.0,3.0,False,False
297.0,Hariyama,Fighting,,474.0,144.0,120.0,60.0,40.0,60.0,50.0,3.0,False,False
298.0,Azurill,Normal,Fairy,190.0,50.0,20.0,40.0,20.0,40.0,20.0,3.0,False,False
299.0,Nosepass,Rock,,375.0,30.0,45.0,135.0,45.0,90.0,30.0,3.0,False,False
300.0,Skitty,Normal,,260.0,50.0,45.0,45.0,35.0,35.0,50.0,3.0,False,False
301.0,Delcatty,Normal,,380.0,70.0,65.0,65.0,55.0,55.0,70.0,3.0,False,False
302.0,Sableye,Dark,Ghost,380.0,50.0,75.0,75.0,65.0,65.0,50.0,3.0,False,False
302.0,SableyeMega Sableye,Dark,Ghost,480.0,50.0,85.0,125.0,85.0,115.0,20.0,3.0,False,False
303.0,Mawile,Steel,Fairy,380.0,50.0,85.0,85.0,55.0,55.0,50.0,3.0,False,False
303.0,MawileMega Mawile,Steel,Fairy,480.0,50.0,105.0,125.0,55.0,95.0,50.0,3.0,False,False
304.0,Aron,Steel,Rock,330.0,50.0,70.0,100.0,40.0,40.0,30.0,3.0,False,False
305.0,Lairon,Steel,Rock,430.0,60.0,90.0,140.0,50.0,50.0,40.0,3.0,False,False
306.0,Aggron,Steel,Rock,530.0,70.0,110.0,180.0,60.0,60.0,50.0,3.0,False,False
306.0,AggronMega Aggron,Steel,,630.0,70.0,140.0,230.0,60.0,80.0,50.0,3.0,False,False
307.0,Meditite,Fighting,Psychic,280.0,30.0,40.0,55.0,40.0,55.0,60.0,3.0,False,False
308.0,Medicham,Fighting,Psychic,410.0,60.0,60.0,75.0,60.0,75.0,80.0,3.0,False,False
308.0,MedichamMega Medicham,Fighting,Psychic,510.0,60.0,100.0,85.0,80.0,85.0,100.0,3.0,False,False
309.0,Electrike,Electric,,295.0,40.0,45.0,40.0,65.0,40.0,65.0,3.0,False,False
310.0,Manectric,Electric,,475.0,70.0,75.0,60.0,105.0,60.0,105.0,3.0,False,False
310.0,ManectricMega Manectric,Electric,,575.0,70.0,75.0,80.0,135.0,80.0,135.0,3.0,False,False
311.0,Plusle,Electric,,405.0,60.0,50.0,40.0,85.0,75.0,95.0,3.0,False,False
312.0,Minun,Electric,,405.0,60.0,40.0,50.0,75.0,85.0,95.0,3.0,False,False
313.0,Volbeat,Bug,,400.0,65.0,73.0,55.0,47.0,75.0,85.0,3.0,False,False
314.0,Illumise,Bug,,400.0,65.0,47.0,55.0,73.0,75.0,85.0,3.0,False,False
315.0,Roselia,Grass,Poison,400.0,50.0,60.0,45.0,100.0,80.0,65.0,3.0,False,False
316.0,Gulpin,Poison,,302.0,70.0,43.0,53.0,43.0,53.0,40.0,3.0,False,False
317.0,Swalot,Poison,,467.0,100.0,73.0,83.0,73.0,83.0,55.0,3.0,False,False
318.0,Carvanha,Water,Dark,305.0,45.0,90.0,20.0,65.0,20.0,65.0,3.0,False,False
319.0,Sharpedo,Water,Dark,460.0,70.0,120.0,40.0,95.0,40.0,95.0,3.0,False,False
319.0,SharpedoMega Sharpedo,Water,Dark,560.0,70.0,140.0,70.0,110.0,65.0,105.0,3.0,False,False
320.0,Wailmer,Water,,400.0,130.0,70.0,35.0,70.0,35.0,60.0,3.0,False,False
321.0,Wailord,Water,,500.0,170.0,90.0,45.0,90.0,45.0,60.0,3.0,False,False
322.0,Numel,Fire,Ground,305.0,60.0,60.0,40.0,65.0,45.0,35.0,3.0,False,False
323.0,Camerupt,Fire,Ground,460.0,70.0,100.0,70.0,105.0,75.0,40.0,3.0,False,False
323.0,CameruptMega Camerupt,Fire,Ground,560.0,70.0,120.0,100.0,145.0,105.0,20.0,3.0,False,False
324.0,Torkoal,Fire,,470.0,70.0,85.0,140.0,85.0,70.0,20.0,3.0,False,False
325.0,Spoink,Psychic,,330.0,60.0,25.0,35.0,70.0,80.0,60.0,3.0,False,False
326.0,Grumpig,Psychic,,470.0,80.0,45.0,65.0,90.0,110.0,80.0,3.0,False,False
327.0,Spinda,Normal,,360.0,60.0,60.0,60.0,60.0,60.0,60.0,3.0,False,False
328.0,Trapinch,Ground,,290.0,45.0,100.0,45.0,45.0,45.0,10.0,3.0,False,False
329.0,Vibrava,Ground,Dragon,340.0,50.0,70.0,50.0,50.0,50.0,70.0,3.0,False,False
330.0,Flygon,Ground,Dragon,520.0,80.0,100.0,80.0,80.0,80.0,100.0,3.0,False,False
331.0,Cacnea,Grass,,335.0,50.0,85.0,40.0,85.0,40.0,35.0,3.0,False,False
332.0,Cacturne,Grass,Dark,475.0,70.0,115.0,60.0,115.0,60.0,55.0,3.0,False,False
333.0,Swablu,Normal,Flying,310.0,45.0,40.0,60.0,40.0,75.0,50.0,3.0,False,False
334.0,Altaria,Dragon,Flying,490.0,75.0,70.0,90.0,70.0,105.0,80.0,3.0,False,False
334.0,AltariaMega Altaria,Dragon,Fairy,590.0,75.0,110.0,110.0,110.0,105.0,80.0,3.0,False,False
335.0,Zangoose,Normal,,458.0,73.0,115.0,60.0,60.0,60.0,90.0,3.0,False,False
336.0,Seviper,Poison,,458.0,73.0,100.0,60.0,100.0,60.0,65.0,3.0,False,False
337.0,Lunatone,Rock,Psychic,440.0,70.0,55.0,65.0,95.0,85.0,70.0,3.0,False,False
338.0,Solrock,Rock,Psychic,440.0,70.0,95.0,85.0,55.0,65.0,70.0,3.0,False,False
339.0,Barboach,Water,Ground,288.0,50.0,48.0,43.0,46.0,41.0,60.0,3.0,False,False
340.0,Whiscash,Water,Ground,468.0,110.0,78.0,73.0,76.0,71.0,60.0,3.0,False,False
341.0,Corphish,Water,,308.0,43.0,80.0,65.0,50.0,35.0,35.0,3.0,False,False
342.0,Crawdaunt,Water,Dark,468.0,63.0,120.0,85.0,90.0,55.0,55.0,3.0,False,False
343.0,Baltoy,Ground,Psychic,300.0,40.0,40.0,55.0,40.0,70.0,55.0,3.0,False,False
344.0,Claydol,Ground,Psychic,500.0,60.0,70.0,105.0,70.0,120.0,75.0,3.0,False,False
345.0,Lileep,Rock,Grass,355.0,66.0,41.0,77.0,61.0,87.0,23.0,3.0,False,False
346.0,Cradily,Rock,Grass,495.0,86.0,81.0,97.0,81.0,107.0,43.0,3.0,False,False
347.0,Anorith,Rock,Bug,355.0,45.0,95.0,50.0,40.0,50.0,75.0,3.0,False,False
348.0,Armaldo,Rock,Bug,495.0,75.0,125.0,100.0,70.0,80.0,45.0,3.0,False,False
349.0,Feebas,Water,,200.0,20.0,15.0,20.0,10.0,55.0,80.0,3.0,False,False
350.0,Milotic,Water,,540.0,95.0,60.0,79.0,100.0,125.0,81.0,3.0,False,False
351.0,Castform,Normal,,420.0,70.0,70.0,70.0,70.0,70.0,70.0,3.0,False,False
352.0,Kecleon,Normal,,440.0,60.0,90.0,70.0,60.0,120.0,40.0,3.0,False,False
353.0,Shuppet,Ghost,,295.0,44.0,75.0,35.0,63.0,33.0,45.0,3.0,False,False
354.0,Banette,Ghost,,455.0,64.0,115.0,65.0,83.0,63.0,65.0,3.0,False,False
354.0,BanetteMega Banette,Ghost,,555.0,64.0,165.0,75.0,93.0,83.0,75.0,3.0,False,False
355.0,Duskull,Ghost,,295.0,20.0,40.0,90.0,30.0,90.0,25.0,3.0,False,False
356.0,Dusclops,Ghost,,455.0,40.0,70.0,130.0,60.0,130.0,25.0,3.0,False,False
357.0,Tropius,Grass,Flying,460.0,99.0,68.0,83.0,72.0,87.0,51.0,3.0,False,False
358.0,Chimecho,Psychic,,425.0,65.0,50.0,70.0,95.0,80.0,65.0,3.0,False,False
359.0,Absol,Dark,,465.0,65.0,130.0,60.0,75.0,60.0,75.0,3.0,False,False
359.0,AbsolMega Absol,Dark,,565.0,65.0,150.0,60.0,115.0,60.0,115.0,3.0,False,False
360.0,Wynaut,Psychic,,260.0,95.0,23.0,48.0,23.0,48.0,23.0,3.0,False,False
361.0,Snorunt,Ice,,300.0,50.0,50.0,50.0,50.0,50.0,50.0,3.0,False,False
362.0,Glalie,Ice,,480.0,80.0,80.0,80.0,80.0,80.0,80.0,3.0,False,False
362.0,GlalieMega Glalie,Ice,,580.0,80.0,120.0,80.0,120.0,80.0,100.0,3.0,False,False
363.0,Spheal,Ice,Water,290.0,70.0,40.0,50.0,55.0,50.0,25.0,3.0,False,False
364.0,Sealeo,Ice,Water,410.0,90.0,60.0,70.0,75.0,70.0,45.0,3.0,False,False
365.0,Walrein,Ice,Water,530.0,110.0,80.0,90.0,95.0,90.0,65.0,3.0,False,False
366.0,Clamperl,Water,,345.0,35.0,64.0,85.0,74.0,55.0,32.0,3.0,False,False
367.0,Huntail,Water,,485.0,55.0,104.0,105.0,94.0,75.0,52.0,3.0,False,False
368.0,Gorebyss,Water,,485.0,55.0,84.0,105.0,114.0,75.0,52.0,3.0,False,False
369.0,Relicanth,Water,Rock,485.0,100.0,90.0,130.0,45.0,65.0,55.0,3.0,False,False
370.0,Luvdisc,Water,,330.0,43.0,30.0,55.0,40.0,65.0,97.0,3.0,False,False
371.0,Bagon,Dragon,,300.0,45.0,75.0,60.0,40.0,30.0,50.0,3.0,False,False
372.0,Shelgon,Dragon,,420.0,65.0,95.0,100.0,60.0,50.0,50.0,3.0,False,False
373.0,Salamence,Dragon,Flying,600.0,95.0,135.0,80.0,110.0,80.0,100.0,3.0,False,False
373.0,SalamenceMega Salamence,Dragon,Flying,700.0,95.0,145.0,130.0,120.0,90.0,120.0,3.0,False,False
374.0,Beldum,Steel,Psychic,300.0,40.0,55.0,80.0,35.0,60.0,30.0,3.0,False,False
375.0,Metang,Steel,Psychic,420.0,60.0,75.0,100.0,55.0,80.0,50.0,3.0,False,False
376.0,Metagross,Steel,Psychic,600.0,80.0,135.0,130.0,95.0,90.0,70.0,3.0,False,False
376.0,MetagrossMega Metagross,Steel,Psychic,700.0,80.0,145.0,150.0,105.0,110.0,110.0,3.0,False,False
377.0,Regirock,Rock,,580.0,80.0,100.0,200.0,50.0,100.0,50.0,3.0,True,False
378.0,Regice,Ice,,580.0,80.0,50.0,100.0,100.0,200.0,50.0,3.0,True,False
379.0,Registeel,Steel,,580.0,80.0,75.0,150.0,75.0,150.0,50.0,3.0,True,False
380.0,Latias,Dragon,Psychic,600.0,80.0,80.0,90.0,110.0,130.0,110.0,3.0,True,False
380.0,LatiasMega Latias,Dragon,Psychic,700.0,80.0,100.0,120.0,140.0,150.0,110.0,3.0,True,False
381.0,Latios,Dragon,Psychic,600.0,80.0,90.0,80.0,130.0,110.0,110.0,3.0,True,False
381.0,LatiosMega Latios,Dragon,Psychic,700.0,80.0,130.0,100.0,160.0,120.0,110.0,3.0,True,False
382.0,Kyogre,Water,,670.0,100.0,100.0,90.0,150.0,140.0,90.0,3.0,True,False
382.0,KyogrePrimal Kyogre,Water,,770.0,100.0,150.0,90.0,180.0,160.0,90.0,3.0,True,False
383.0,Groudon,Ground,,670.0,100.0,150.0,140.0,100.0,90.0,90.0,3.0,True,False
383.0,GroudonPrimal Groudon,Ground,Fire,770.0,100.0,180.0,160.0,150.0,90.0,90.0,3.0,True,False
384.0,Rayquaza,Dragon,Flying,680.0,105.0,150.0,90.0,150.0,90.0,95.0,3.0,True,False
384.0,RayquazaMega Rayquaza,Dragon,Flying,780.0,105.0,180.0,100.0,180.0,100.0,115.0,3.0,True,False
385.0,Jirachi,Steel,Psychic,600.0,100.0,100.0,100.0,100.0,100.0,100.0,3.0,True,False
386.0,DeoxysNormal Forme,Psychic,,600.0,50.0,150.0,50.0,150.0,50.0,150.0,3.0,True,False
386.0,DeoxysAttack Forme,Psychic,,600.0,50.0,180.0,20.0,180.0,20.0,150.0,3.0,True,False
386.0,DeoxysDefense Forme,Psychic,,600.0,50.0,70.0,160.0,70.0,160.0,90.0,3.0,True,False
386.0,DeoxysSpeed Forme,Psychic,,600.0,50.0,95.0,90.0,95.0,90.0,180.0,3.0,True,False
387.0,Turtwig,Grass,,318.0,55.0,68.0,64.0,45.0,55.0,31.0,4.0,False,False
388.0,Grotle,Grass,,405.0,75.0,89.0,85.0,55.0,65.0,36.0,4.0,False,False
389.0,Torterra,Grass,Ground,525.0,95.0,109.0,105.0,75.0,85.0,56.0,4.0,False,False
390.0,Chimchar,Fire,,309.0,44.0,58.0,44.0,58.0,44.0,61.0,4.0,False,False
391.0,Monferno,Fire,Fighting,405.0,64.0,78.0,52.0,78.0,52.0,81.0,4.0,False,False
392.0,Infernape,Fire,Fighting,534.0,76.0,104.0,71.0,104.0,71.0,108.0,4.0,False,False
393.0,Piplup,Water,,314.0,53.0,51.0,53.0,61.0,56.0,40.0,4.0,False,False
394.0,Prinplup,Water,,405.0,64.0,66.0,68.0,81.0,76.0,50.0,4.0,False,False
395.0,Empoleon,Water,Steel,530.0,84.0,86.0,88.0,111.0,101.0,60.0,4.0,False,False
396.0,Starly,Normal,Flying,245.0,40.0,55.0,30.0,30.0,30.0,60.0,4.0,False,False
397.0,Staravia,Normal,Flying,340.0,55.0,75.0,50.0,40.0,40.0,80.0,4.0,False,False
398.0,Staraptor,Normal,Flying,485.0,85.0,120.0,70.0,50.0,60.0,100.0,4.0,False,False
399.0,Bidoof,Normal,,250.0,59.0,45.0,40.0,35.0,40.0,31.0,4.0,False,False
400.0,Bibarel,Normal,Water,410.0,79.0,85.0,60.0,55.0,60.0,71.0,4.0,False,False
401.0,Kricketot,Bug,,194.0,37.0,25.0,41.0,25.0,41.0,25.0,4.0,False,False
402.0,Kricketune,Bug,,384.0,77.0,85.0,51.0,55.0,51.0,65.0,4.0,False,False
403.0,Shinx,Electric,,263.0,45.0,65.0,34.0,40.0,34.0,45.0,4.0,False,False
404.0,Luxio,Electric,,363.0,60.0,85.0,49.0,60.0,49.0,60.0,4.0,False,False
405.0,Luxray,Electric,,523.0,80.0,120.0,79.0,95.0,79.0,70.0,4.0,False,False
406.0,Budew,Grass,Poison,280.0,40.0,30.0,35.0,50.0,70.0,55.0,4.0,False,False
407.0,Roserade,Grass,Poison,515.0,60.0,70.0,65.0,125.0,105.0,90.0,4.0,False,False
408.0,Cranidos,Rock,,350.0,67.0,125.0,40.0,30.0,30.0,58.0,4.0,False,False
409.0,Rampardos,Rock,,495.0,97.0,165.0,60.0,65.0,50.0,58.0,4.0,False,False
410.0,Shieldon,Rock,Steel,350.0,30.0,42.0,118.0,42.0,88.0,30.0,4.0,False,False
411.0,Bastiodon,Rock,Steel,495.0,60.0,52.0,168.0,47.0,138.0,30.0,4.0,False,False
412.0,Burmy,Bug,,224.0,40.0,29.0,45.0,29.0,45.0,36.0,4.0,False,False
413.0,WormadamPlant Cloak,Bug,Grass,424.0,60.0,59.0,85.0,79.0,105.0,36.0,4.0,False,False
413.0,WormadamSandy Cloak,Bug,Ground,424.0,60.0,79.0,105.0,59.0,85.0,36.0,4.0,False,False
413.0,WormadamTrash Cloak,Bug,Steel,424.0,60.0,69.0,95.0,69.0,95.0,36.0,4.0,False,False
414.0,Mothim,Bug,Flying,424.0,70.0,94.0,50.0,94.0,50.0,66.0,4.0,False,False
415.0,Combee,Bug,Flying,244.0,30.0,30.0,42.0,30.0,42.0,70.0,4.0,False,False
416.0,Vespiquen,Bug,Flying,474.0,70.0,80.0,102.0,80.0,102.0,40.0,4.0,False,False
417.0,Pachirisu,Electric,,405.0,60.0,45.0,70.0,45.0,90.0,95.0,4.0,False,False
418.0,Buizel,Water,,330.0,55.0,65.0,35.0,60.0,30.0,85.0,4.0,False,False
419.0,Floatzel,Water,,495.0,85.0,105.0,55.0,85.0,50.0,115.0,4.0,False,False
420.0,Cherubi,Grass,,275.0,45.0,35.0,45.0,62.0,53.0,35.0,4.0,False,False
421.0,Cherrim,Grass,,450.0,70.0,60.0,70.0,87.0,78.0,85.0,4.0,False,False
422.0,Shellos,Water,,325.0,76.0,48.0,48.0,57.0,62.0,34.0,4.0,False,False
423.0,Gastrodon,Water,Ground,475.0,111.0,83.0,68.0,92.0,82.0,39.0,4.0,False,False
424.0,Ambipom,Normal,,482.0,75.0,100.0,66.0,60.0,66.0,115.0,4.0,False,False
425.0,Drifloon,Ghost,Flying,348.0,90.0,50.0,34.0,60.0,44.0,70.0,4.0,False,False
426.0,Drifblim,Ghost,Flying,498.0,150.0,80.0,44.0,90.0,54.0,80.0,4.0,False,False
427.0,Buneary,Normal,,350.0,55.0,66.0,44.0,44.0,56.0,85.0,4.0,False,False
428.0,Lopunny,Normal,,480.0,65.0,76.0,84.0,54.0,96.0,105.0,4.0,False,False
428.0,LopunnyMega Lopunny,Normal,Fighting,580.0,65.0,136.0,94.0,54.0,96.0,135.0,4.0,False,False
429.0,Mismagius,Ghost,,495.0,60.0,60.0,60.0,105.0,105.0,105.0,4.0,False,False
430.0,Honchkrow,Dark,Flying,505.0,100.0,125.0,52.0,105.0,52.0,71.0,4.0,False,False
431.0,Glameow,Normal,,310.0,49.0,55.0,42.0,42.0,37.0,85.0,4.0,False,False
432.0,Purugly,Normal,,452.0,71.0,82.0,64.0,64.0,59.0,112.0,4.0,False,False
433.0,Chingling,Psychic,,285.0,45.0,30.0,50.0,65.0,50.0,45.0,4.0,False,False
434.0,Stunky,Poison,Dark,329.0,63.0,63.0,47.0,41.0,41.0,74.0,4.0,False,False
435.0,Skuntank,Poison,Dark,479.0,103.0,93.0,67.0,71.0,61.0,84.0,4.0,False,False
436.0,Bronzor,Steel,Psychic,300.0,57.0,24.0,86.0,24.0,86.0,23.0,4.0,False,False
437.0,Bronzong,Steel,Psychic,500.0,67.0,89.0,116.0,79.0,116.0,33.0,4.0,False,False
438.0,Bonsly,Rock,,290.0,50.0,80.0,95.0,10.0,45.0,10.0,4.0,False,False
439.0,Mime Jr.,Psychic,Fairy,310.0,20.0,25.0,45.0,70.0,90.0,60.0,4.0,False,False
440.0,Happiny,Normal,,220.0,100.0,5.0,5.0,15.0,65.0,30.0,4.0,False,False
441.0,Chatot,Normal,Flying,411.0,76.0,65.0,45.0,92.0,42.0,91.0,4.0,False,False
442.0,Spiritomb,Ghost,Dark,485.0,50.0,92.0,108.0,92.0,108.0,35.0,4.0,False,False
443.0,Gible,Dragon,Ground,300.0,58.0,70.0,45.0,40.0,45.0,42.0,4.0,False,False
444.0,Gabite,Dragon,Ground,410.0,68.0,90.0,65.0,50.0,55.0,82.0,4.0,False,False
445.0,Garchomp,Dragon,Ground,600.0,108.0,130.0,95.0,80.0,85.0,102.0,4.0,False,False
445.0,GarchompMega Garchomp,Dragon,Ground,700.0,108.0,170.0,115.0,120.0,95.0,92.0,4.0,False,False
446.0,Munchlax,Normal,,390.0,135.0,85.0,40.0,40.0,85.0,5.0,4.0,False,False
447.0,Riolu,Fighting,,285.0,40.0,70.0,40.0,35.0,40.0,60.0,4.0,False,False
448.0,Lucario,Fighting,Steel,525.0,70.0,110.0,70.0,115.0,70.0,90.0,4.0,False,False
448.0,LucarioMega Lucario,Fighting,Steel,625.0,70.0,145.0,88.0,140.0,70.0,112.0,4.0,False,False
449.0,Hippopotas,Ground,,330.0,68.0,72.0,78.0,38.0,42.0,32.0,4.0,False,False
450.0,Hippowdon,Ground,,525.0,108.0,112.0,118.0,68.0,72.0,47.0,4.0,False,False
451.0,Skorupi,Poison,Bug,330.0,40.0,50.0,90.0,30.0,55.0,65.0,4.0,False,False
452.0,Drapion,Poison,Dark,500.0,70.0,90.0,110.0,60.0,75.0,95.0,4.0,False,False
453.0,Croagunk,Poison,Fighting,300.0,48.0,61.0,40.0,61.0,40.0,50.0,4.0,False,False
454.0,Toxicroak,Poison,Fighting,490.0,83.0,106.0,65.0,86.0,65.0,85.0,4.0,False,False
455.0,Carnivine,Grass,,454.0,74.0,100.0,72.0,90.0,72.0,46.0,4.0,False,False
456.0,Finneon,Water,,330.0,49.0,49.0,56.0,49.0,61.0,66.0,4.0,False,False
457.0,Lumineon,Water,,460.0,69.0,69.0,76.0,69.0,86.0,91.0,4.0,False,False
458.0,Mantyke,Water,Flying,345.0,45.0,20.0,50.0,60.0,120.0,50.0,4.0,False,False
459.0,Snover,Grass,Ice,334.0,60.0,62.0,50.0,62.0,60.0,40.0,4.0,False,False
460.0,Abomasnow,Grass,Ice,494.0,90.0,92.0,75.0,92.0,85.0,60.0,4.0,False,False
460.0,AbomasnowMega Abomasnow,Grass,Ice,594.0,90.0,132.0,105.0,132.0,105.0,30.0,4.0,False,False
461.0,Weavile,Dark,Ice,510.0,70.0,120.0,65.0,45.0,85.0,125.0,4.0,False,False
462.0,Magnezone,Electric,Steel,535.0,70.0,70.0,115.0,130.0,90.0,60.0,4.0,False,False
463.0,Lickilicky,Normal,,515.0,110.0,85.0,95.0,80.0,95.0,50.0,4.0,False,False
464.0,Rhyperior,Ground,Rock,535.0,115.0,140.0,130.0,55.0,55.0,40.0,4.0,False,False
465.0,Tangrowth,Grass,,535.0,100.0,100.0,125.0,110.0,50.0,50.0,4.0,False,False
466.0,Electivire,Electric,,540.0,75.0,123.0,67.0,95.0,85.0,95.0,4.0,False,False
467.0,Magmortar,Fire,,540.0,75.0,95.0,67.0,125.0,95.0,83.0,4.0,False,False
468.0,Togekiss,Fairy,Flying,545.0,85.0,50.0,95.0,120.0,115.0,80.0,4.0,False,False
469.0,Yanmega,Bug,Flying,515.0,86.0,76.0,86.0,116.0,56.0,95.0,4.0,False,False
470.0,Leafeon,Grass,,525.0,65.0,110.0,130.0,60.0,65.0,95.0,4.0,False,False
471.0,Glaceon,Ice,,525.0,65.0,60.0,110.0,130.0,95.0,65.0,4.0,False,False
472.0,Gliscor,Ground,Flying,510.0,75.0,95.0,125.0,45.0,75.0,95.0,4.0,False,False
473.0,Mamoswine,Ice,Ground,530.0,110.0,130.0,80.0,70.0,60.0,80.0,4.0,False,False
474.0,Porygon-Z,Normal,,535.0,85.0,80.0,70.0,135.0,75.0,90.0,4.0,False,False
475.0,Gallade,Psychic,Fighting,518.0,68.0,125.0,65.0,65.0,115.0,80.0,4.0,False,False
475.0,GalladeMega Gallade,Psychic,Fighting,618.0,68.0,165.0,95.0,65.0,115.0,110.0,4.0,False,False
476.0,Probopass,Rock,Steel,525.0,60.0,55.0,145.0,75.0,150.0,40.0,4.0,False,False
477.0,Dusknoir,Ghost,,525.0,45.0,100.0,135.0,65.0,135.0,45.0,4.0,False,False
478.0,Froslass,Ice,Ghost,480.0,70.0,80.0,70.0,80.0,70.0,110.0,4.0,False,False
479.0,Rotom,Electric,Ghost,440.0,50.0,50.0,77.0,95.0,77.0,91.0,4.0,False,False
479.0,RotomHeat Rotom,Electric,Fire,520.0,50.0,65.0,107.0,105.0,107.0,86.0,4.0,False,False
479.0,RotomWash Rotom,Electric,Water,520.0,50.0,65.0,107.0,105.0,107.0,86.0,4.0,False,False
479.0,RotomFrost Rotom,Electric,Ice,520.0,50.0,65.0,107.0,105.0,107.0,86.0,4.0,False,False
479.0,RotomFan Rotom,Electric,Flying,520.0,50.0,65.0,107.0,105.0,107.0,86.0,4.0,False,False
479.0,RotomMow Rotom,Electric,Grass,520.0,50.0,65.0,107.0,105.0,107.0,86.0,4.0,False,False
480.0,Uxie,Psychic,,580.0,75.0,75.0,130.0,75.0,130.0,95.0,4.0,True,False
481.0,Mesprit,Psychic,,580.0,80.0,105.0,105.0,105.0,105.0,80.0,4.0,True,False
482.0,Azelf,Psychic,,580.0,75.0,125.0,70.0,125.0,70.0,115.0,4.0,True,False
483.0,Dialga,Steel,Dragon,680.0,100.0,120.0,120.0,150.0,100.0,90.0,4.0,True,False
484.0,Palkia,Water,Dragon,680.0,90.0,120.0,100.0,150.0,120.0,100.0,4.0,True,False
485.0,Heatran,Fire,Steel,600.0,91.0,90.0,106.0,130.0,106.0,77.0,4.0,True,False
486.0,Regigigas,Normal,,670.0,110.0,160.0,110.0,80.0,110.0,100.0,4.0,True,False
487.0,GiratinaAltered Forme,Ghost,Dragon,680.0,150.0,100.0,120.0,100.0,120.0,90.0,4.0,True,False
487.0,GiratinaOrigin Forme,Ghost,Dragon,680.0,150.0,120.0,100.0,120.0,100.0,90.0,4.0,True,False
488.0,Cresselia,Psychic,,600.0,120.0,70.0,120.0,75.0,130.0,85.0,4.0,False,False
489.0,Phione,Water,,480.0,80.0,80.0,80.0,80.0,80.0,80.0,4.0,False,False
490.0,Manaphy,Water,,600.0,100.0,100.0,100.0,100.0,100.0,100.0,4.0,False,False
491.0,Darkrai,Dark,,600.0,70.0,90.0,90.0,135.0,90.0,125.0,4.0,True,False
492.0,ShayminLand Forme,Grass,,600.0,100.0,100.0,100.0,100.0,100.0,100.0,4.0,True,False
492.0,ShayminSky Forme,Grass,Flying,600.0,100.0,103.0,75.0,120.0,75.0,127.0,4.0,True,False
493.0,Arceus,Normal,,720.0,120.0,120.0,120.0,120.0,120.0,120.0,4.0,True,False
494.0,Victini,Psychic,Fire,600.0,100.0,100.0,100.0,100.0,100.0,100.0,5.0,True,False
495.0,Snivy,Grass,,308.0,45.0,45.0,55.0,45.0,55.0,63.0,5.0,False,False
496.0,Servine,Grass,,413.0,60.0,60.0,75.0,60.0,75.0,83.0,5.0,False,False
497.0,Serperior,Grass,,528.0,75.0,75.0,95.0,75.0,95.0,113.0,5.0,False,False
498.0,Tepig,Fire,,308.0,65.0,63.0,45.0,45.0,45.0,45.0,5.0,False,False
499.0,Pignite,Fire,Fighting,418.0,90.0,93.0,55.0,70.0,55.0,55.0,5.0,False,False
500.0,Emboar,Fire,Fighting,528.0,110.0,123.0,65.0,100.0,65.0,65.0,5.0,False,False
501.0,Oshawott,Water,,308.0,55.0,55.0,45.0,63.0,45.0,45.0,5.0,False,False
502.0,Dewott,Water,,413.0,75.0,75.0,60.0,83.0,60.0,60.0,5.0,False,False
503.0,Samurott,Water,,528.0,95.0,100.0,85.0,108.0,70.0,70.0,5.0,False,False
504.0,Patrat,Normal,,255.0,45.0,55.0,39.0,35.0,39.0,42.0,5.0,False,False
505.0,Watchog,Normal,,420.0,60.0,85.0,69.0,60.0,69.0,77.0,5.0,False,False
506.0,Lillipup,Normal,,275.0,45.0,60.0,45.0,25.0,45.0,55.0,5.0,False,False
507.0,Herdier,Normal,,370.0,65.0,80.0,65.0,35.0,65.0,60.0,5.0,False,False
508.0,Stoutland,Normal,,500.0,85.0,110.0,90.0,45.0,90.0,80.0,5.0,False,False
509.0,Purrloin,Dark,,281.0,41.0,50.0,37.0,50.0,37.0,66.0,5.0,False,False
510.0,Liepard,Dark,,446.0,64.0,88.0,50.0,88.0,50.0,106.0,5.0,False,False
511.0,Pansage,Grass,,316.0,50.0,53.0,48.0,53.0,48.0,64.0,5.0,False,False
512.0,Simisage,Grass,,498.0,75.0,98.0,63.0,98.0,63.0,101.0,5.0,False,False
513.0,Pansear,Fire,,316.0,50.0,53.0,48.0,53.0,48.0,64.0,5.0,False,False
514.0,Simisear,Fire,,498.0,75.0,98.0,63.0,98.0,63.0,101.0,5.0,False,False
515.0,Panpour,Water,,316.0,50.0,53.0,48.0,53.0,48.0,64.0,5.0,False,False
516.0,Simipour,Water,,498.0,75.0,98.0,63.0,98.0,63.0,101.0,5.0,False,False
517.0,Munna,Psychic,,292.0,76.0,25.0,45.0,67.0,55.0,24.0,5.0,False,False
518.0,Musharna,Psychic,,487.0,116.0,55.0,85.0,107.0,95.0,29.0,5.0,False,False
519.0,Pidove,Normal,Flying,264.0,50.0,55.0,50.0,36.0,30.0,43.0,5.0,False,False
520.0,Tranquill,Normal,Flying,358.0,62.0,77.0,62.0,50.0,42.0,65.0,5.0,False,False
521.0,Unfezant,Normal,Flying,488.0,80.0,115.0,80.0,65.0,55.0,93.0,5.0,False,False
522.0,Blitzle,Electric,,295.0,45.0,60.0,32.0,50.0,32.0,76.0,5.0,False,False
523.0,Zebstrika,Electric,,497.0,75.0,100.0,63.0,80.0,63.0,116.0,5.0,False,False
524.0,Roggenrola,Rock,,280.0,55.0,75.0,85.0,25.0,25.0,15.0,5.0,False,False
525.0,Boldore,Rock,,390.0,70.0,105.0,105.0,50.0,40.0,20.0,5.0,False,False
526.0,Gigalith,Rock,,515.0,85.0,135.0,130.0,60.0,80.0,25.0,5.0,False,False
527.0,Woobat,Psychic,Flying,313.0,55.0,45.0,43.0,55.0,43.0,72.0,5.0,False,False
528.0,Swoobat,Psychic,Flying,425.0,67.0,57.0,55.0,77.0,55.0,114.0,5.0,False,False
529.0,Drilbur,Ground,,328.0,60.0,85.0,40.0,30.0,45.0,68.0,5.0,False,False
530.0,Excadrill,Ground,Steel,508.0,110.0,135.0,60.0,50.0,65.0,88.0,5.0,False,False
531.0,Audino,Normal,,445.0,103.0,60.0,86.0,60.0,86.0,50.0,5.0,False,False
531.0,AudinoMega Audino,Normal,Fairy,545.0,103.0,60.0,126.0,80.0,126.0,50.0,5.0,False,False
532.0,Timburr,Fighting,,305.0,75.0,80.0,55.0,25.0,35.0,35.0,5.0,False,False
533.0,Gurdurr,Fighting,,405.0,85.0,105.0,85.0,40.0,50.0,40.0,5.0,False,False
534.0,Conkeldurr,Fighting,,505.0,105.0,140.0,95.0,55.0,65.0,45.0,5.0,False,False
535.0,Tympole,Water,,294.0,50.0,50.0,40.0,50.0,40.0,64.0,5.0,False,False
536.0,Palpitoad,Water,Ground,384.0,75.0,65.0,55.0,65.0,55.0,69.0,5.0,False,False
537.0,Seismitoad,Water,Ground,509.0,105.0,95.0,75.0,85.0,75.0,74.0,5.0,False,False
538.0,Throh,Fighting,,465.0,120.0,100.0,85.0,30.0,85.0,45.0,5.0,False,False
539.0,Sawk,Fighting,,465.0,75.0,125.0,75.0,30.0,75.0,85.0,5.0,False,False
540.0,Sewaddle,Bug,Grass,310.0,45.0,53.0,70.0,40.0,60.0,42.0,5.0,False,False
541.0,Swadloon,Bug,Grass,380.0,55.0,63.0,90.0,50.0,80.0,42.0,5.0,False,False
542.0,Leavanny,Bug,Grass,500.0,75.0,103.0,80.0,70.0,80.0,92.0,5.0,False,False
543.0,Venipede,Bug,Poison,260.0,30.0,45.0,59.0,30.0,39.0,57.0,5.0,False,False
544.0,Whirlipede,Bug,Poison,360.0,40.0,55.0,99.0,40.0,79.0,47.0,5.0,False,False
545.0,Scolipede,Bug,Poison,485.0,60.0,100.0,89.0,55.0,69.0,112.0,5.0,False,False
546.0,Cottonee,Grass,Fairy,280.0,40.0,27.0,60.0,37.0,50.0,66.0,5.0,False,False
547.0,Whimsicott,Grass,Fairy,480.0,60.0,67.0,85.0,77.0,75.0,116.0,5.0,False,False
548.0,Petilil,Grass,,280.0,45.0,35.0,50.0,70.0,50.0,30.0,5.0,False,False
549.0,Lilligant,Grass,,480.0,70.0,60.0,75.0,110.0,75.0,90.0,5.0,False,False
550.0,Basculin,Water,,460.0,70.0,92.0,65.0,80.0,55.0,98.0,5.0,False,False
551.0,Sandile,Ground,Dark,292.0,50.0,72.0,35.0,35.0,35.0,65.0,5.0,False,False
552.0,Krokorok,Ground,Dark,351.0,60.0,82.0,45.0,45.0,45.0,74.0,5.0,False,False
553.0,Krookodile,Ground,Dark,519.0,95.0,117.0,80.0,65.0,70.0,92.0,5.0,False,False
554.0,Darumaka,Fire,,315.0,70.0,90.0,45.0,15.0,45.0,50.0,5.0,False,False
555.0,DarmanitanStandard Mode,Fire,,480.0,105.0,140.0,55.0,30.0,55.0,95.0,5.0,False,False
555.0,DarmanitanZen Mode,Fire,Psychic,540.0,105.0,30.0,105.0,140.0,105.0,55.0,5.0,False,False
556.0,Maractus,Grass,,461.0,75.0,86.0,67.0,106.0,67.0,60.0,5.0,False,False
557.0,Dwebble,Bug,Rock,325.0,50.0,65.0,85.0,35.0,35.0,55.0,5.0,False,False
558.0,Crustle,Bug,Rock,475.0,70.0,95.0,125.0,65.0,75.0,45.0,5.0,False,False
559.0,Scraggy,Dark,Fighting,348.0,50.0,75.0,70.0,35.0,70.0,48.0,5.0,False,False
560.0,Scrafty,Dark,Fighting,488.0,65.0,90.0,115.0,45.0,115.0,58.0,5.0,False,False
561.0,Sigilyph,Psychic,Flying,490.0,72.0,58.0,80.0,103.0,80.0,97.0,5.0,False,False
562.0,Yamask,Ghost,,303.0,38.0,30.0,85.0,55.0,65.0,30.0,5.0,False,False
563.0,Cofagrigus,Ghost,,483.0,58.0,50.0,145.0,95.0,105.0,30.0,5.0,False,False
564.0,Tirtouga,Water,Rock,355.0,54.0,78.0,103.0,53.0,45.0,22.0,5.0,False,False
565.0,Carracosta,Water,Rock,495.0,74.0,108.0,133.0,83.0,65.0,32.0,5.0,False,False
566.0,Archen,Rock,Flying,401.0,55.0,112.0,45.0,74.0,45.0,70.0,5.0,False,False
567.0,Archeops,Rock,Flying,567.0,75.0,140.0,65.0,112.0,65.0,110.0,5.0,False,False
568.0,Trubbish,Poison,,329.0,50.0,50.0,62.0,40.0,62.0,65.0,5.0,False,False
569.0,Garbodor,Poison,,474.0,80.0,95.0,82.0,60.0,82.0,75.0,5.0,False,False
570.0,Zorua,Dark,,330.0,40.0,65.0,40.0,80.0,40.0,65.0,5.0,False,False
571.0,Zoroark,Dark,,510.0,60.0,105.0,60.0,120.0,60.0,105.0,5.0,False,False
572.0,Minccino,Normal,,300.0,55.0,50.0,40.0,40.0,40.0,75.0,5.0,False,False
573.0,Cinccino,Normal,,470.0,75.0,95.0,60.0,65.0,60.0,115.0,5.0,False,False
574.0,Gothita,Psychic,,290.0,45.0,30.0,50.0,55.0,65.0,45.0,5.0,False,False
575.0,Gothorita,Psychic,,390.0,60.0,45.0,70.0,75.0,85.0,55.0,5.0,False,False
576.0,Gothitelle,Psychic,,490.0,70.0,55.0,95.0,95.0,110.0,65.0,5.0,False,False
577.0,Solosis,Psychic,,290.0,45.0,30.0,40.0,105.0,50.0,20.0,5.0,False,False
578.0,Duosion,Psychic,,370.0,65.0,40.0,50.0,125.0,60.0,30.0,5.0,False,False
579.0,Reuniclus,Psychic,,490.0,110.0,65.0,75.0,125.0,85.0,30.0,5.0,False,False
580.0,Ducklett,Water,Flying,305.0,62.0,44.0,50.0,44.0,50.0,55.0,5.0,False,False
581.0,Swanna,Water,Flying,473.0,75.0,87.0,63.0,87.0,63.0,98.0,5.0,False,False
582.0,Vanillite,Ice,,305.0,36.0,50.0,50.0,65.0,60.0,44.0,5.0,False,False
583.0,Vanillish,Ice,,395.0,51.0,65.0,65.0,80.0,75.0,59.0,5.0,False,False
584.0,Vanilluxe,Ice,,535.0,71.0,95.0,85.0,110.0,95.0,79.0,5.0,False,False
585.0,Deerling,Normal,Grass,335.0,60.0,60.0,50.0,40.0,50.0,75.0,5.0,False,False
586.0,Sawsbuck,Normal,Grass,475.0,80.0,100.0,70.0,60.0,70.0,95.0,5.0,False,False
587.0,Emolga,Electric,Flying,428.0,55.0,75.0,60.0,75.0,60.0,103.0,5.0,False,False
588.0,Karrablast,Bug,,315.0,50.0,75.0,45.0,40.0,45.0,60.0,5.0,False,False
589.0,Escavalier,Bug,Steel,495.0,70.0,135.0,105.0,60.0,105.0,20.0,5.0,False,False
590.0,Foongus,Grass,Poison,294.0,69.0,55.0,45.0,55.0,55.0,15.0,5.0,False,False
591.0,Amoonguss,Grass,Poison,464.0,114.0,85.0,70.0,85.0,80.0,30.0,5.0,False,False
592.0,Frillish,Water,Ghost,335.0,55.0,40.0,50.0,65.0,85.0,40.0,5.0,False,False
593.0,Jellicent,Water,Ghost,480.0,100.0,60.0,70.0,85.0,105.0,60.0,5.0,False,False
594.0,Alomomola,Water,,470.0,165.0,75.0,80.0,40.0,45.0,65.0,5.0,False,False
595.0,Joltik,Bug,Electric,319.0,50.0,47.0,50.0,57.0,50.0,65.0,5.0,False,False
596.0,Galvantula,Bug,Electric,472.0,70.0,77.0,60.0,97.0,60.0,108.0,5.0,False,False
597.0,Ferroseed,Grass,Steel,305.0,44.0,50.0,91.0,24.0,86.0,10.0,5.0,False,False
598.0,Ferrothorn,Grass,Steel,489.0,74.0,94.0,131.0,54.0,116.0,20.0,5.0,False,False
599.0,Klink,Steel,,300.0,40.0,55.0,70.0,45.0,60.0,30.0,5.0,False,False
600.0,Klang,Steel,,440.0,60.0,80.0,95.0,70.0,85.0,50.0,5.0,False,False
601.0,Klinklang,Steel,,520.0,60.0,100.0,115.0,70.0,85.0,90.0,5.0,False,False
602.0,Tynamo,Electric,,275.0,35.0,55.0,40.0,45.0,40.0,60.0,5.0,False,False
603.0,Eelektrik,Electric,,405.0,65.0,85.0,70.0,75.0,70.0,40.0,5.0,False,False
604.0,Eelektross,Electric,,515.0,85.0,115.0,80.0,105.0,80.0,50.0,5.0,False,False
605.0,Elgyem,Psychic,,335.0,55.0,55.0,55.0,85.0,55.0,30.0,5.0,False,False
606.0,Beheeyem,Psychic,,485.0,75.0,75.0,75.0,125.0,95.0,40.0,5.0,False,False
607.0,Litwick,Ghost,Fire,275.0,50.0,30.0,55.0,65.0,55.0,20.0,5.0,False,False
608.0,Lampent,Ghost,Fire,370.0,60.0,40.0,60.0,95.0,60.0,55.0,5.0,False,False
609.0,Chandelure,Ghost,Fire,520.0,60.0,55.0,90.0,145.0,90.0,80.0,5.0,False,False
610.0,Axew,Dragon,,320.0,46.0,87.0,60.0,30.0,40.0,57.0,5.0,False,False
611.0,Fraxure,Dragon,,410.0,66.0,117.0,70.0,40.0,50.0,67.0,5.0,False,False
612.0,Haxorus,Dragon,,540.0,76.0,147.0,90.0,60.0,70.0,97.0,5.0,False,False
613.0,Cubchoo,Ice,,305.0,55.0,70.0,40.0,60.0,40.0,40.0,5.0,False,False
614.0,Beartic,Ice,,485.0,95.0,110.0,80.0,70.0,80.0,50.0,5.0,False,False
615.0,Cryogonal,Ice,,485.0,70.0,50.0,30.0,95.0,135.0,105.0,5.0,False,False
616.0,Shelmet,Bug,,305.0,50.0,40.0,85.0,40.0,65.0,25.0,5.0,False,False
617.0,Accelgor,Bug,,495.0,80.0,70.0,40.0,100.0,60.0,145.0,5.0,False,False
618.0,Stunfisk,Ground,Electric,471.0,109.0,66.0,84.0,81.0,99.0,32.0,5.0,False,False
619.0,Mienfoo,Fighting,,350.0,45.0,85.0,50.0,55.0,50.0,65.0,5.0,False,False
620.0,Mienshao,Fighting,,510.0,65.0,125.0,60.0,95.0,60.0,105.0,5.0,False,False
621.0,Druddigon,Dragon,,485.0,77.0,120.0,90.0,60.0,90.0,48.0,5.0,False,False
622.0,Golett,Ground,Ghost,303.0,59.0,74.0,50.0,35.0,50.0,35.0,5.0,False,False
623.0,Golurk,Ground,Ghost,483.0,89.0,124.0,80.0,55.0,80.0,55.0,5.0,False,False
624.0,Pawniard,Dark,Steel,340.0,45.0,85.0,70.0,40.0,40.0,60.0,5.0,False,False
625.0,Bisharp,Dark,Steel,490.0,65.0,125.0,100.0,60.0,70.0,70.0,5.0,False,False
626.0,Bouffalant,Normal,,490.0,95.0,110.0,95.0,40.0,95.0,55.0,5.0,False,False
627.0,Rufflet,Normal,Flying,350.0,70.0,83.0,50.0,37.0,50.0,60.0,5.0,False,False
628.0,Braviary,Normal,Flying,510.0,100.0,123.0,75.0,57.0,75.0,80.0,5.0,False,False
629.0,Vullaby,Dark,Flying,370.0,70.0,55.0,75.0,45.0,65.0,60.0,5.0,False,False
630.0,Mandibuzz,Dark,Flying,510.0,110.0,65.0,105.0,55.0,95.0,80.0,5.0,False,False
631.0,Heatmor,Fire,,484.0,85.0,97.0,66.0,105.0,66.0,65.0,5.0,False,False
632.0,Durant,Bug,Steel,484.0,58.0,109.0,112.0,48.0,48.0,109.0,5.0,False,False
633.0,Deino,Dark,Dragon,300.0,52.0,65.0,50.0,45.0,50.0,38.0,5.0,False,False
634.0,Zweilous,Dark,Dragon,420.0,72.0,85.0,70.0,65.0,70.0,58.0,5.0,False,False
635.0,Hydreigon,Dark,Dragon,600.0,92.0,105.0,90.0,125.0,90.0,98.0,5.0,False,False
636.0,Larvesta,Bug,Fire,360.0,55.0,85.0,55.0,50.0,55.0,60.0,5.0,False,False
637.0,Volcarona,Bug,Fire,550.0,85.0,60.0,65.0,135.0,105.0,100.0,5.0,False,False
638.0,Cobalion,Steel,Fighting,580.0,91.0,90.0,129.0,90.0,72.0,108.0,5.0,True,False
639.0,Terrakion,Rock,Fighting,580.0,91.0,129.0,90.0,72.0,90.0,108.0,5.0,True,False
640.0,Virizion,Grass,Fighting,580.0,91.0,90.0,72.0,90.0,129.0,108.0,5.0,True,False
641.0,TornadusIncarnate Forme,Flying,,580.0,79.0,115.0,70.0,125.0,80.0,111.0,5.0,True,False
641.0,TornadusTherian Forme,Flying,,580.0,79.0,100.0,80.0,110.0,90.0,121.0,5.0,True,False
642.0,ThundurusIncarnate Forme,Electric,Flying,580.0,79.0,115.0,70.0,125.0,80.0,111.0,5.0,True,False
642.0,ThundurusTherian Forme,Electric,Flying,580.0,79.0,105.0,70.0,145.0,80.0,101.0,5.0,True,False
643.0,Reshiram,Dragon,Fire,680.0,100.0,120.0,100.0,150.0,120.0,90.0,5.0,True,False
644.0,Zekrom,Dragon,Electric,680.0,100.0,150.0,120.0,120.0,100.0,90.0,5.0,True,False
645.0,LandorusIncarnate Forme,Ground,Flying,600.0,89.0,125.0,90.0,115.0,80.0,101.0,5.0,True,False
645.0,LandorusTherian Forme,Ground,Flying,600.0,89.0,145.0,90.0,105.0,80.0,91.0,5.0,True,False
646.0,Kyurem,Dragon,Ice,660.0,125.0,130.0,90.0,130.0,90.0,95.0,5.0,True,False
646.0,KyuremBlack Kyurem,Dragon,Ice,700.0,125.0,170.0,100.0,120.0,90.0,95.0,5.0,True,False
646.0,KyuremWhite Kyurem,Dragon,Ice,700.0,125.0,120.0,90.0,170.0,100.0,95.0,5.0,True,False
647.0,KeldeoOrdinary Forme,Water,Fighting,580.0,91.0,72.0,90.0,129.0,90.0,108.0,5.0,False,False
647.0,KeldeoResolute Forme,Water,Fighting,580.0,91.0,72.0,90.0,129.0,90.0,108.0,5.0,False,False
648.0,MeloettaAria Forme,Normal,Psychic,600.0,100.0,77.0,77.0,128.0,128.0,90.0,5.0,False,False
648.0,MeloettaPirouette Forme,Normal,Fighting,600.0,100.0,128.0,90.0,77.0,77.0,128.0,5.0,False,False
649.0,Genesect,Bug,Steel,600.0,71.0,120.0,95.0,120.0,95.0,99.0,5.0,False,False
650.0,Chespin,Grass,,313.0,56.0,61.0,65.0,48.0,45.0,38.0,6.0,False,False
651.0,Quilladin,Grass,,405.0,61.0,78.0,95.0,56.0,58.0,57.0,6.0,False,False
652.0,Chesnaught,Grass,Fighting,530.0,88.0,107.0,122.0,74.0,75.0,64.0,6.0,False,False
653.0,Fennekin,Fire,,307.0,40.0,45.0,40.0,62.0,60.0,60.0,6.0,False,False
654.0,Braixen,Fire,,409.0,59.0,59.0,58.0,90.0,70.0,73.0,6.0,False,False
655.0,Delphox,Fire,Psychic,534.0,75.0,69.0,72.0,114.0,100.0,104.0,6.0,False,False
656.0,Froakie,Water,,314.0,41.0,56.0,40.0,62.0,44.0,71.0,6.0,False,False
657.0,Frogadier,Water,,405.0,54.0,63.0,52.0,83.0,56.0,97.0,6.0,False,False
658.0,Greninja,Water,Dark,530.0,72.0,95.0,67.0,103.0,71.0,122.0,6.0,False,False
659.0,Bunnelby,Normal,,237.0,38.0,36.0,38.0,32.0,36.0,57.0,6.0,False,False
660.0,Diggersby,Normal,Ground,423.0,85.0,56.0,77.0,50.0,77.0,78.0,6.0,False,False
661.0,Fletchling,Normal,Flying,278.0,45.0,50.0,43.0,40.0,38.0,62.0,6.0,False,False
662.0,Fletchinder,Fire,Flying,382.0,62.0,73.0,55.0,56.0,52.0,84.0,6.0,False,False
663.0,Talonflame,Fire,Flying,499.0,78.0,81.0,71.0,74.0,69.0,126.0,6.0,False,False
664.0,Scatterbug,Bug,,200.0,38.0,35.0,40.0,27.0,25.0,35.0,6.0,False,False
665.0,Spewpa,Bug,,213.0,45.0,22.0,60.0,27.0,30.0,29.0,6.0,False,False
666.0,Vivillon,Bug,Flying,411.0,80.0,52.0,50.0,90.0,50.0,89.0,6.0,False,False
667.0,Litleo,Fire,Normal,369.0,62.0,50.0,58.0,73.0,54.0,72.0,6.0,False,False
668.0,Pyroar,Fire,Normal,507.0,86.0,68.0,72.0,109.0,66.0,106.0,6.0,False,False
669.0,Flabébé,Fairy,,303.0,44.0,38.0,39.0,61.0,79.0,42.0,6.0,False,False
670.0,Floette,Fairy,,371.0,54.0,45.0,47.0,75.0,98.0,52.0,6.0,False,False
671.0,Florges,Fairy,,552.0,78.0,65.0,68.0,112.0,154.0,75.0,6.0,False,False
672.0,Skiddo,Grass,,350.0,66.0,65.0,48.0,62.0,57.0,52.0,6.0,False,False
673.0,Gogoat,Grass,,531.0,123.0,100.0,62.0,97.0,81.0,68.0,6.0,False,False
674.0,Pancham,Fighting,,348.0,67.0,82.0,62.0,46.0,48.0,43.0,6.0,False,False
675.0,Pangoro,Fighting,Dark,495.0,95.0,124.0,78.0,69.0,71.0,58.0,6.0,False,False
676.0,Furfrou,Normal,,472.0,75.0,80.0,60.0,65.0,90.0,102.0,6.0,False,False
677.0,Espurr,Psychic,,355.0,62.0,48.0,54.0,63.0,60.0,68.0,6.0,False,False
678.0,MeowsticMale,Psychic,,466.0,74.0,48.0,76.0,83.0,81.0,104.0,6.0,False,False
678.0,MeowsticFemale,Psychic,,466.0,74.0,48.0,76.0,83.0,81.0,104.0,6.0,False,False
679.0,Honedge,Steel,Ghost,325.0,45.0,80.0,100.0,35.0,37.0,28.0,6.0,False,False
680.0,Doublade,Steel,Ghost,448.0,59.0,110.0,150.0,45.0,49.0,35.0,6.0,False,False
681.0,AegislashBlade Forme,Steel,Ghost,520.0,60.0,150.0,50.0,150.0,50.0,60.0,6.0,False,False
681.0,AegislashShield Forme,Steel,Ghost,520.0,60.0,50.0,150.0,50.0,150.0,60.0,6.0,False,False
682.0,Spritzee,Fairy,,341.0,78.0,52.0,60.0,63.0,65.0,23.0,6.0,False,False
683.0,Aromatisse,Fairy,,462.0,101.0,72.0,72.0,99.0,89.0,29.0,6.0,False,False
684.0,Swirlix,Fairy,,341.0,62.0,48.0,66.0,59.0,57.0,49.0,6.0,False,False
685.0,Slurpuff,Fairy,,480.0,82.0,80.0,86.0,85.0,75.0,72.0,6.0,False,False
686.0,Inkay,Dark,Psychic,288.0,53.0,54.0,53.0,37.0,46.0,45.0,6.0,False,False
687.0,Malamar,Dark,Psychic,482.0,86.0,92.0,88.0,68.0,75.0,73.0,6.0,False,False
688.0,Binacle,Rock,Water,306.0,42.0,52.0,67.0,39.0,56.0,50.0,6.0,False,False
689.0,Barbaracle,Rock,Water,500.0,72.0,105.0,115.0,54.0,86.0,68.0,6.0,False,False
690.0,Skrelp,Poison,Water,320.0,50.0,60.0,60.0,60.0,60.0,30.0,6.0,False,False
691.0,Dragalge,Poison,Dragon,494.0,65.0,75.0,90.0,97.0,123.0,44.0,6.0,False,False
692.0,Clauncher,Water,,330.0,50.0,53.0,62.0,58.0,63.0,44.0,6.0,False,False
693.0,Clawitzer,Water,,500.0,71.0,73.0,88.0,120.0,89.0,59.0,6.0,False,False
694.0,Helioptile,Electric,Normal,289.0,44.0,38.0,33.0,61.0,43.0,70.0,6.0,False,False
695.0,Heliolisk,Electric,Normal,481.0,62.0,55.0,52.0,109.0,94.0,109.0,6.0,False,False
696.0,Tyrunt,Rock,Dragon,362.0,58.0,89.0,77.0,45.0,45.0,48.0,6.0,False,False
697.0,Tyrantrum,Rock,Dragon,521.0,82.0,121.0,119.0,69.0,59.0,71.0,6.0,False,False
698.0,Amaura,Rock,Ice,362.0,77.0,59.0,50.0,67.0,63.0,46.0,6.0,False,False
699.0,Aurorus,Rock,Ice,521.0,123.0,77.0,72.0,99.0,92.0,58.0,6.0,False,False
700.0,Sylveon,Fairy,,525.0,95.0,65.0,65.0,110.0,130.0,60.0,6.0,False,False
701.0,Hawlucha,Fighting,Flying,500.0,78.0,92.0,75.0,74.0,63.0,118.0,6.0,False,False
702.0,Dedenne,Electric,Fairy,431.0,67.0,58.0,57.0,81.0,67.0,101.0,6.0,False,False
703.0,Carbink,Rock,Fairy,500.0,50.0,50.0,150.0,50.0,150.0,50.0,6.0,False,False
704.0,Goomy,Dragon,,300.0,45.0,50.0,35.0,55.0,75.0,40.0,6.0,False,False
705.0,Sliggoo,Dragon,,452.0,68.0,75.0,53.0,83.0,113.0,60.0,6.0,False,False
706.0,Goodra,Dragon,,600.0,90.0,100.0,70.0,110.0,150.0,80.0,6.0,False,False
707.0,Klefki,Steel,Fairy,470.0,57.0,80.0,91.0,80.0,87.0,75.0,6.0,False,False
708.0,Phantump,Ghost,Grass,309.0,43.0,70.0,48.0,50.0,60.0,38.0,6.0,False,False
709.0,Trevenant,Ghost,Grass,474.0,85.0,110.0,76.0,65.0,82.0,56.0,6.0,False,False
710.0,Pumpkaboo,Ghost,Grass,335.0,49.0,66.0,70.0,44.0,55.0,51.0,6.0,False,False
,,,,,,,,,,,,,False
,,,,,,,,,,,,,False
,,,,,,,,,,,,,False
711.0,Gourgeist,Ghost,Grass,494.0,65.0,90.0,122.0,58.0,75.0,84.0,6.0,False,False
,,,,,,,,,,,,,False
,,,,,,,,,,,,,False
,,,,,,,,,,,,,False
712.0,Bergmite,Ice,,304.0,55.0,69.0,85.0,32.0,35.0,28.0,6.0,False,False
713.0,Avalugg,Ice,,514.0,95.0,117.0,184.0,44.0,46.0,28.0,6.0,False,False
714.0,Noibat,Flying,Dragon,245.0,40.0,30.0,35.0,45.0,40.0,55.0,6.0,False,False
715.0,Noivern,Flying,Dragon,535.0,85.0,70.0,80.0,97.0,80.0,123.0,6.0,False,False
716.0,Xerneas,Fairy,,680.0,126.0,131.0,95.0,131.0,98.0,99.0,6.0,True,False
717.0,Yveltal,Dark,Flying,680.0,126.0,131.0,95.0,131.0,98.0,99.0,6.0,True,False
718.0,Zygarde,Dragon,Ground,600.0,108.0,100.0,121.0,81.0,95.0,95.0,6.0,True,False
719.0,Diancie,Rock,Fairy,600.0,50.0,100.0,150.0,100.0,150.0,50.0,6.0,True,False
719.0,DiancieMega Diancie,Rock,Fairy,700.0,50.0,160.0,110.0,160.0,110.0,110.0,6.0,True,False
720.0,HoopaHoopa Confined,Psychic,Ghost,600.0,80.0,110.0,60.0,150.0,130.0,70.0,6.0,True,False
720.0,HoopaHoopa Unbound,Psychic,Dark,680.0,80.0,160.0,60.0,170.0,130.0,80.0,6.0,True,False
721.0,Volcanion,Fire,Water,600.0,80.0,110.0,120.0,130.0,90.0,70.0,6.0,True,False
